Date;Bank 1;Bank 2;Bank 3
31/12/2010;9.50;40.22;47.61
30/12/2010;9.60;40.87;48.42
29/12/2010;9.62;41.49;48.98
28/12/2010;9.66;41.51;48.78
27/12/2010;9.59;41.34;48.92
24/12/2010;9.78;42.13;49.60
23/12/2010;9.82;42.21;49.55
22/12/2010;9.95;42.40;49.74
21/12/2010;9.96;43.01;50.28
20/12/2010;9.88;41.40;49.76
17/12/2010;10.09;41.29;49.71
16/12/2010;10.35;41.68;50.59
15/12/2010;10.39;41.36;50.70
14/12/2010;10.66;42.10;51.85
13/12/2010;10.62;42.08;52.07
10/12/2010;10.52;41.31;51.65
09/12/2010;10.56;41.60;52.01
08/12/2010;10.19;40.06;50.61
07/12/2010;10.04;38.90;49.28
06/12/2010;9.95;38.58;48.18
03/12/2010;10.18;39.31;48.84
02/12/2010;10.11;39.01;48.03
01/12/2010;9.84;37.31;46.55
30/11/2010;9.44;35.71;45.60
29/11/2010;9.70;37.05;47.18
26/11/2010;10.06;38.41;48.74
25/11/2010;10.16;38.78;49.82
24/11/2010;10.19;38.80;49.92
23/11/2010;10.12;38.76;50.14
22/11/2010;10.57;40.66;52.13
19/11/2010;10.99;41.84;53.28
18/11/2010;11.12;42.82;53.64
17/11/2010;11.06;41.50;52.30
16/11/2010;11.00;40.68;51.53
15/11/2010;11.52;42.60;53.40
12/11/2010;11.58;42.41;52.98
11/11/2010;11.39;41.92;52.67
10/11/2010;11.66;42.83;53.50
09/11/2010;12.23;44.19;54.81
08/11/2010;12.09;44.09;54.30
05/11/2010;12.14;44.01;53.80
04/11/2010;12.47;44.85;54.37
03/11/2010;11.88;42.91;52.45
02/11/2010;11.97;42.10;52.21
01/11/2010;11.74;42.60;52.17
29/10/2010;11.77;43.03;52.55
28/10/2010;11.92;43.37;52.78
27/10/2010;11.81;43.27;52.65
26/10/2010;11.95;43.90;52.60
25/10/2010;11.91;43.47;52.84
22/10/2010;12.00;43.50;53.14
21/10/2010;12.02;43.63;52.82
20/10/2010;11.97;43.83;52.21
19/10/2010;11.74;43.06;51.92
18/10/2010;11.66;42.35;52.00
15/10/2010;11.47;41.52;52.08
14/10/2010;11.46;41.69;52.29
13/10/2010;11.66;43.03;54.00
12/10/2010;11.73;42.59;52.51
11/10/2010;11.72;42.67;52.70
08/10/2010;11.64;43.38;53.20
07/10/2010;11.91;43.78;53.93
06/10/2010;11.95;43.17;53.60
05/10/2010;11.87;42.33;53.00
04/10/2010;11.52;40.85;51.02
01/10/2010;11.53;41.40;51.56
30/09/2010;11.47;42.25;52.17
29/09/2010;11.88;43.23;53.11
28/09/2010;12.08;44.75;54.39
27/09/2010;12.03;45.04;55.19
24/09/2010;11.97;45.21;55.30
23/09/2010;11.40;43.51;53.90
22/09/2010;11.61;44.26;55.28
21/09/2010;11.80;45.02;54.70
20/09/2010;11.68;44.42;54.66
17/09/2010;11.11;44.00;53.92
16/09/2010;11.19;45.33;55.00
15/09/2010;11.52;45.92;55.67
14/09/2010;11.69;46.11;56.13
13/09/2010;11.59;45.80;55.98
10/09/2010;10.96;43.91;54.84
09/09/2010;10.94;43.58;54.46
08/09/2010;10.46;42.15;53.50
07/09/2010;10.64;42.50;52.73
06/09/2010;10.94;44.31;53.90
03/09/2010;10.89;44.38;53.44
02/09/2010;10.54;42.78;52.43
01/09/2010;10.40;42.47;52.30
31/08/2010;9.94;40.18;49.37
30/08/2010;10.19;40.19;49.12
27/08/2010;10.24;40.45;49.74
26/08/2010;10.17;40.12;49.43
25/08/2010;9.90;39.93;49.17
24/08/2010;10.05;40.70;50.57
23/08/2010;10.16;41.28;51.67
20/08/2010;10.02;41.10;51.02
19/08/2010;10.22;41.69;51.70
18/08/2010;10.56;43.17;53.03
17/08/2010;10.59;43.92;53.72
16/08/2010;10.27;42.90;52.58
13/08/2010;10.31;43.37;53.27
12/08/2010;10.20;42.65;53.58
11/08/2010;10.45;43.18;53.80
10/08/2010;10.98;45.07;56.00
09/08/2010;11.24;46.20;56.96
06/08/2010;10.99;45.52;55.71
05/08/2010;11.01;45.22;55.99
04/08/2010;10.90;45.71;55.89
03/08/2010;10.81;45.40;55.79
02/08/2010;10.90;46.30;55.49
30/07/2010;10.51;44.24;52.71
29/07/2010;10.57;44.71;53.40
28/07/2010;10.76;45.03;54.96
27/07/2010;10.62;44.22;53.80
26/07/2010;9.65;39.99;51.00
23/07/2010;9.35;38.00;49.82
22/07/2010;9.46;37.97;49.85
21/07/2010;8.96;36.13;47.58
20/07/2010;8.83;35.79;46.97
19/07/2010;8.84;36.05;47.14
16/07/2010;8.93;36.30;47.06
15/07/2010;9.29;37.84;48.71
14/07/2010;9.60;38.64;50.74
13/07/2010;9.60;39.50;51.45
12/07/2010;9.26;38.26;50.00
09/07/2010;9.26;38.40;50.09
08/07/2010;9.37;38.78;49.57
07/07/2010;9.20;37.58;47.97
06/07/2010;8.60;35.10;45.29
05/07/2010;8.16;33.03;43.45
02/07/2010;8.26;32.90;44.21
01/07/2010;8.30;32.86;43.49
30/06/2010;8.64;34.30;44.77
29/06/2010;8.35;33.80;43.75
28/06/2010;9.07;36.13;47.01
25/06/2010;9.04;35.78;45.37
24/06/2010;8.81;35.15;45.88
23/06/2010;9.25;36.82;48.28
22/06/2010;9.49;37.35;49.35
21/06/2010;9.96;38.89;50.32
18/06/2010;9.88;38.23;50.18
17/06/2010;9.31;37.13;49.06
16/06/2010;9.39;36.16;49.34
15/06/2010;9.34;36.40;49.25
14/06/2010;9.28;35.04;47.50
11/06/2010;9.02;33.72;46.28
10/06/2010;8.48;32.66;43.82
09/06/2010;8.19;31.75;42.32
08/06/2010;8.02;30.33;41.48
07/06/2010;8.21;31.00;42.69
04/06/2010;8.35;31.58;43.12
03/06/2010;8.80;34.17;45.87
02/06/2010;8.61;33.85;46.09
01/06/2010;8.71;34.19;45.97
31/05/2010;8.88;35.05;46.29
28/05/2010;8.91;35.55;46.97
27/05/2010;8.94;35.93;47.33
26/05/2010;9.02;33.45;45.31
25/05/2010;8.77;33.01;45.25
24/05/2010;9.40;35.22;46.55
21/05/2010;9.32;35.24;46.22
20/05/2010;9.13;34.63;45.81
19/05/2010;9.38;35.56;46.30
18/05/2010;9.73;37.13;49.31
17/05/2010;9.50;35.45;47.79
14/05/2010;9.62;35.25;47.97
13/05/2010;10.28;38.58;51.81
12/05/2010;10.66;39.19;52.35
11/05/2010;10.51;39.79;51.88
10/05/2010;10.75;40.60;53.11
07/05/2010;9.06;32.77;43.93
06/05/2010;9.76;35.62;46.58
05/05/2010;10.15;38.29;47.78
04/05/2010;10.40;38.62;49.10
03/05/2010;11.06;40.97;52.30
30/04/2010;10.82;40.40;52.13
29/04/2010;11.10;41.06;52.10
28/04/2010;11.05;40.91;50.98
27/04/2010;11.44;41.04;50.73
26/04/2010;12.23;43.67;54.56
23/04/2010;12.26;43.10;52.96
22/04/2010;12.22;43.38;52.82
21/04/2010;12.66;44.28;53.98
20/04/2010;12.97;45.41;55.88
19/04/2010;13.03;44.70;55.35
16/04/2010;13.20;45.21;55.35
15/04/2010;13.68;46.50;57.53
14/04/2010;13.62;45.97;57.60
13/04/2010;13.39;46.15;56.72
12/04/2010;13.34;46.50;57.20
09/04/2010;13.28;45.89;56.75
08/04/2010;12.99;44.85;55.35
07/04/2010;13.30;46.31;56.38
06/04/2010;13.43;46.93;57.99
01/04/2010;13.21;47.35;57.80
31/03/2010;12.96;46.56;56.86
30/03/2010;12.90;46.71;58.29
29/03/2010;12.98;47.26;58.82
26/03/2010;13.02;47.15;58.72
25/03/2010;13.23;47.07;58.73
24/03/2010;12.82;46.50;57.84
23/03/2010;12.75;46.16;57.64
22/03/2010;12.44;45.67;57.14
19/03/2010;12.47;45.00;57.32
18/03/2010;12.22;44.65;57.20
17/03/2010;12.48;45.00;57.72
16/03/2010;12.34;44.05;57.48
15/03/2010;11.91;43.15;56.18
12/03/2010;12.15;44.28;57.00
11/03/2010;12.06;44.00;56.90
10/03/2010;12.02;44.80;57.47
09/03/2010;11.57;43.65;56.92
08/03/2010;11.73;44.31;57.21
05/03/2010;11.66;44.95;56.78
04/03/2010;11.30;42.88;54.77
03/03/2010;11.38;42.86;54.85
02/03/2010;11.28;42.02;54.70
01/03/2010;11.05;41.28;54.30
26/02/2010;10.92;40.40;53.13
25/02/2010;10.50;39.79;51.51
24/02/2010;10.52;40.24;52.90
23/02/2010;10.47;39.56;52.63
22/02/2010;10.82;40.52;53.95
19/02/2010;10.75;39.70;53.08
18/02/2010;10.53;38.97;52.25
17/02/2010;10.78;42.00;51.15
16/02/2010;10.45;41.00;49.20
15/02/2010;10.04;39.22;47.87
12/02/2010;10.11;39.00;47.60
11/02/2010;10.40;40.26;48.50
10/02/2010;10.81;41.24;49.82
09/02/2010;10.40;39.56;48.31
08/02/2010;10.30;38.80;47.46
05/02/2010;10.09;38.38;47.10
04/02/2010;10.63;40.06;49.84
03/02/2010;11.21;42.52;52.54
02/02/2010;11.64;43.55;53.88
01/02/2010;11.65;42.52;52.90
29/01/2010;11.44;42.21;52.15
28/01/2010;11.35;41.81;51.07
27/01/2010;11.56;42.85;51.75
26/01/2010;11.86;43.51;52.70
25/01/2010;11.99;43.03;51.63
22/01/2010;11.85;42.44;52.56
21/01/2010;12.16;44.77;53.57
20/01/2010;12.61;47.00;55.01
19/01/2010;12.80;48.12;56.57
18/01/2010;12.74;48.51;56.34
15/01/2010;12.91;49.03;56.51
14/01/2010;12.90;50.40;58.66
13/01/2010;12.76;50.19;58.05
12/01/2010;12.92;51.67;58.47
11/01/2010;13.39;52.20;58.76
08/01/2010;13.47;52.08;59.60
07/01/2010;13.26;51.31;58.22
06/01/2010;13.25;49.92;57.22
05/01/2010;13.02;49.92;57.13
04/01/2010;12.82;50.24;57.24
31/12/2009;12.36;48.95;55.90
30/12/2009;12.39;49.10;55.78
29/12/2009;12.39;49.35;56.56
28/12/2009;12.32;49.09;56.21
24/12/2009;12.17;48.51;55.55
23/12/2009;12.23;48.36;55.65
22/12/2009;12.10;47.79;55.56
21/12/2009;12.19;47.60;55.88
18/12/2009;11.98;46.30;54.40
17/12/2009;12.90;47.50;55.16
16/12/2009;13.52;49.15;56.03
15/12/2009;13.30;47.90;54.60
14/12/2009;13.40;48.90;54.76
11/12/2009;13.27;48.38;54.26
10/12/2009;13.52;48.90;54.81
09/12/2009;13.10;47.92;54.40
08/12/2009;13.22;48.26;54.54
07/12/2009;13.64;48.83;55.41
04/12/2009;13.88;48.94;55.25
03/12/2009;13.90;48.40;54.73
02/12/2009;13.90;47.69;55.05
01/12/2009;14.13;47.80;55.75
30/11/2009;13.78;46.89;55.00
27/11/2009;14.03;46.50;55.14
26/11/2009;13.80;45.62;53.85
25/11/2009;14.55;48.26;56.72
24/11/2009;14.38;47.51;56.62
23/11/2009;14.45;49.09;58.15
20/11/2009;14.07;47.42;56.24
19/11/2009;14.41;48.76;56.94
18/11/2009;14.82;49.28;57.57
17/11/2009;14.86;49.16;57.38
16/11/2009;15.16;50.74;58.10
13/11/2009;15.07;49.94;57.60
12/11/2009;15.19;49.60;57.19
11/11/2009;15.31;50.40;57.90
10/11/2009;14.50;48.99;57.00
09/11/2009;14.61;48.85;56.71
06/11/2009;14.05;46.92;55.17
05/11/2009;13.60;45.95;54.36
04/11/2009;13.60;45.64;52.63
03/11/2009;12.98;43.65;50.87
02/11/2009;13.37;45.59;53.16
30/10/2009;13.10;45.38;51.45
29/10/2009;13.40;46.13;53.74
28/10/2009;12.85;43.56;52.12
27/10/2009;13.65;45.33;53.24
26/10/2009;13.97;46.87;54.17
23/10/2009;14.67;48.24;56.25
22/10/2009;14.60;47.49;55.10
21/10/2009;14.56;48.59;56.25
20/10/2009;14.78;49.00;55.86
19/10/2009;15.12;48.76;56.00
16/10/2009;14.89;47.11;54.70
15/10/2009;14.94;48.11;56.21
14/10/2009;15.03;48.08;55.95
13/10/2009;14.44;45.94;54.16
12/10/2009;14.85;47.50;53.89
09/10/2009;14.68;47.49;53.30
08/10/2009;14.81;47.84;53.40
07/10/2009;14.70;50.50;52.93
06/10/2009;14.80;53.69;53.99
05/10/2009;13.73;52.20;51.12
02/10/2009;13.60;52.47;50.77
01/10/2009;13.86;53.63;52.51
30/09/2009;14.28;55.00;54.60
29/09/2009;14.39;56.39;57.90
28/09/2009;14.33;55.45;56.57
25/09/2009;13.97;52.98;55.33
24/09/2009;13.94;53.35;55.56
23/09/2009;14.30;53.45;56.41
22/09/2009;13.94;52.74;55.74
21/09/2009;13.75;52.82;56.11
18/09/2009;13.86;54.10;57.01
17/09/2009;13.46;55.00;57.16
16/09/2009;13.20;53.00;55.83
15/09/2009;12.57;50.14;53.10
14/09/2009;12.58;49.60;52.09
11/09/2009;12.90;50.80;52.93
10/09/2009;12.85;50.80;52.90
09/09/2009;12.95;51.33;54.15
08/09/2009;12.71;50.59;53.80
07/09/2009;13.03;52.53;55.64
04/09/2009;12.93;52.20;54.99
03/09/2009;12.57;52.14;53.63
02/09/2009;12.62;53.23;53.98
01/09/2009;12.46;54.20;54.05
31/08/2009;12.92;56.21;56.17
28/08/2009;13.25;56.75;57.15
27/08/2009;13.06;55.56;56.90
26/08/2009;12.60;55.10;57.38
25/08/2009;12.42;54.51;58.65
24/08/2009;12.28;54.47;59.00
21/08/2009;11.99;53.40;58.90
20/08/2009;11.40;52.25;55.57
19/08/2009;11.31;51.74;54.77
18/08/2009;11.04;52.28;55.43
17/08/2009;10.99;52.00;54.72
14/08/2009;11.37;53.11;55.77
13/08/2009;11.48;53.09;55.75
12/08/2009;11.12;51.59;55.10
11/08/2009;11.12;51.89;53.67
10/08/2009;11.40;52.50;54.35
07/08/2009;11.32;53.22;54.60
06/08/2009;11.09;50.70;53.00
05/08/2009;11.00;49.10;51.59
04/08/2009;10.94;46.31;52.70
03/08/2009;10.60;46.10;52.53
31/07/2009;10.02;45.05;51.15
30/07/2009;10.32;44.89;50.30
29/07/2009;10.32;44.32;49.07
28/07/2009;10.16;43.65;48.62
27/07/2009;10.33;44.74;51.22
24/07/2009;10.32;44.43;51.16
23/07/2009;10.11;43.67;51.28
22/07/2009;9.89;42.69;50.20
21/07/2009;9.96;43.08;49.73
20/07/2009;9.98;43.25;50.57
17/07/2009;9.93;42.55;49.48
16/07/2009;9.99;42.05;49.17
15/07/2009;9.79;40.76;48.37
14/07/2009;9.40;39.12;47.85
13/07/2009;9.20;38.19;46.42
10/07/2009;8.75;37.72;45.31
09/07/2009;8.75;37.95;46.25
08/07/2009;8.77;37.79;45.78
07/07/2009;8.86;37.12;46.87
06/07/2009;8.97;37.24;46.30
03/07/2009;9.10;37.90;46.76
02/07/2009;8.98;37.90;45.85
01/07/2009;9.11;39.28;47.40
30/06/2009;8.88;38.88;46.25
29/06/2009;9.24;39.81;47.47
26/06/2009;9.05;38.76;46.08
25/06/2009;9.14;39.13;46.47
24/06/2009;9.51;39.46;45.87
23/06/2009;9.52;38.25;43.90
22/06/2009;9.90;38.90;44.50
19/06/2009;10.36;40.40;46.27
18/06/2009;10.20;39.92;47.06
17/06/2009;9.99;39.05;46.24
16/06/2009;10.27;40.26;47.69
15/06/2009;10.56;41.65;48.80
12/06/2009;10.95;43.49;49.83
11/06/2009;11.20;43.03;49.55
10/06/2009;11.05;42.70;48.31
09/06/2009;10.80;41.86;47.85
08/06/2009;10.56;42.73;47.31
05/06/2009;10.77;44.50;47.85
04/06/2009;10.64;43.41;47.56
03/06/2009;10.85;43.28;47.60
02/06/2009;10.88;44.00;47.80
01/06/2009;10.67;43.82;47.80
29/05/2009;10.33;41.00;48.75
28/05/2009;10.17;39.80;47.60
27/05/2009;10.35;40.51;47.80
26/05/2009;10.50;40.97;47.10
25/05/2009;10.60;39.37;46.10
22/05/2009;10.57;38.92;45.90
21/05/2009;10.48;38.59;45.01
20/05/2009;10.77;38.94;45.08
19/05/2009;10.72;38.35;47.42
18/05/2009;10.73;37.27;46.20
15/05/2009;10.36;35.76;43.62
14/05/2009;10.18;34.86;43.40
13/05/2009;10.21;35.00;42.34
12/05/2009;11.15;36.81;45.98
11/05/2009;11.51;38.30;46.69
08/05/2009;11.74;39.48;45.88
07/05/2009;11.38;39.47;45.01
06/05/2009;11.65;43.76;45.29
05/05/2009;11.20;42.38;42.22
04/05/2009;11.17;39.17;41.81
30/04/2009;11.20;39.17;40.25
29/04/2009;10.65;36.30;39.00
28/04/2009;10.10;36.11;36.77
27/04/2009;10.31;36.96;38.24
24/04/2009;10.57;38.37;38.41
23/04/2009;10.03;37.08;36.66
22/04/2009;10.24;37.00;37.75
21/04/2009;9.71;36.26;36.76
20/04/2009;9.95;37.97;37.80
17/04/2009;10.95;39.50;40.46
16/04/2009;10.70;37.85;38.69
15/04/2009;10.40;36.75;37.92
14/04/2009;10.69;36.90;38.50
09/04/2009;9.80;35.21;35.35
08/04/2009;9.44;34.22;34.38
07/04/2009;8.73;33.50;33.85
06/04/2009;9.20;34.17;34.90
03/04/2009;9.39;33.49;35.78
02/04/2009;9.29;31.70;36.41
01/04/2009;8.54;29.80;32.90
31/03/2009;8.31;29.50;31.12
30/03/2009;7.98;28.90;29.14
27/03/2009;9.20;30.15;32.25
26/03/2009;9.14;32.00;32.60
25/03/2009;9.00;31.50;31.99
24/03/2009;9.33;30.74;32.73
23/03/2009;9.18;31.80;34.50
20/03/2009;8.69;29.25;31.65
19/03/2009;8.57;28.60;32.38
18/03/2009;8.11;27.91;31.54
17/03/2009;8.10;26.85;31.70
16/03/2009;7.96;25.84;31.98
13/03/2009;7.35;23.37;29.25
12/03/2009;7.21;22.98;28.40
11/03/2009;6.96;21.57;27.42
10/03/2009;6.90;21.00;26.65
09/03/2009;6.19;19.00;22.08
06/03/2009;6.11;19.84;21.74
05/03/2009;6.62;21.25;22.98
04/03/2009;6.99;22.62;24.73
03/03/2009;7.09;22.17;23.40
02/03/2009;7.23;23.01;23.57
27/02/2009;7.79;24.95;25.99
26/02/2009;8.09;26.24;27.19
25/02/2009;7.46;24.10;24.25
24/02/2009;7.46;23.76;23.05
23/02/2009;7.16;22.98;23.14
20/02/2009;7.28;22.49;23.33
19/02/2009;8.02;24.16;24.50
18/02/2009;7.75;23.35;24.62
17/02/2009;7.82;22.75;24.00
16/02/2009;8.16;25.15;25.95
13/02/2009;8.22;26.55;26.44
12/02/2009;8.33;27.65;26.28
11/02/2009;8.75;28.19;27.80
10/02/2009;8.91;27.90;28.40
09/02/2009;9.40;29.90;29.42
06/02/2009;9.50;30.40;29.06
05/02/2009;9.20;30.37;27.70
04/02/2009;9.53;32.19;27.69
03/02/2009;9.26;31.25;26.72
02/02/2009;8.92;31.00;27.40
30/01/2009;9.54;32.95;30.01
29/01/2009;9.92;33.24;29.50
28/01/2009;10.06;34.38;30.15
27/01/2009;9.10;30.45;24.96
26/01/2009;8.81;30.25;25.00
23/01/2009;7.58;27.25;21.38
22/01/2009;7.62;29.00;23.20
21/01/2009;7.55;27.17;23.94
20/01/2009;7.21;24.64;23.70
19/01/2009;7.75;28.54;27.35
16/01/2009;8.29;31.80;29.00
15/01/2009;7.65;30.85;29.97
14/01/2009;8.06;31.70;32.06
13/01/2009;8.72;35.60;33.99
12/01/2009;8.84;36.28;34.16
09/01/2009;8.82;36.00;34.06
08/01/2009;8.63;36.80;34.84
07/01/2009;8.68;36.99;35.00
06/01/2009;8.70;37.32;34.10
05/01/2009;8.67;36.56;31.85
02/01/2009;8.60;37.09;32.70
31/12/2008;8.00;36.00;30.25
30/12/2008;8.04;36.00;30.00
29/12/2008;8.01;34.30;29.75
24/12/2008;7.90;33.55;29.50
23/12/2008;7.68;33.35;29.75
22/12/2008;7.88;34.60;29.66
19/12/2008;7.98;36.02;30.37
18/12/2008;8.09;34.10;33.00
17/12/2008;8.34;34.81;34.22
16/12/2008;8.64;36.94;41.35
15/12/2008;8.46;35.38;39.40
12/12/2008;8.89;36.25;43.80
11/12/2008;9.61;38.87;46.73
10/12/2008;9.80;39.51;46.12
09/12/2008;9.80;38.00;45.00
08/12/2008;9.51;36.56;44.35
05/12/2008;8.61;31.99;39.10
04/12/2008;9.00;32.36;42.29
03/12/2008;8.33;31.10;40.45
02/12/2008;8.06;30.59;39.92
01/12/2008;8.06;31.50;40.02
28/11/2008;8.72;33.38;43.33
27/11/2008;8.35;33.78;43.40
26/11/2008;8.11;31.50;39.46
25/11/2008;8.34;30.93;40.55
24/11/2008;7.74;28.39;39.00
21/11/2008;6.88;27.52;35.98
20/11/2008;7.00;31.94;36.50
19/11/2008;7.54;32.60;36.24
18/11/2008;8.36;35.37;40.81
17/11/2008;8.75;37.50;43.02
14/11/2008;9.44;37.85;46.81
13/11/2008;9.40;38.20;46.20
12/11/2008;9.75;40.68;45.77
11/11/2008;10.44;42.91;48.29
10/11/2008;11.20;46.80;52.68
07/11/2008;11.35;47.00;55.00
06/11/2008;10.90;46.33;54.70
05/11/2008;11.78;48.20;57.60
04/11/2008;12.13;47.05;58.50
03/11/2008;11.35;42.33;55.42
31/10/2008;11.23;42.17;56.00
30/10/2008;10.32;39.61;54.67
29/10/2008;9.22;36.09;54.00
28/10/2008;8.75;33.33;49.30
27/10/2008;10.10;38.00;55.00
24/10/2008;11.37;45.00;57.00
23/10/2008;11.65;48.71;58.72
22/10/2008;11.60;48.30;58.75
21/10/2008;12.10;48.42;59.00
20/10/2008;10.45;43.93;54.90
17/10/2008;10.48;45.30;55.94
16/10/2008;10.27;44.54;55.00
15/10/2008;11.00;48.73;59.19
14/10/2008;12.21;53.00;61.34
13/10/2008;12.05;49.00;64.20
10/10/2008;11.44;50.00;59.87
09/10/2008;13.01;57.50;66.89
08/10/2008;12.75;57.31;63.43
07/10/2008;13.90;60.54;68.43
06/10/2008;13.85;60.52;67.50
03/10/2008;15.39;68.64;71.35
02/10/2008;14.50;63.96;65.20
01/10/2008;13.81;63.23;65.88
30/09/2008;13.40;62.00;66.08
29/09/2008;13.00;60.88;65.53
26/09/2008;14.40;65.04;68.26
25/09/2008;15.34;65.85;67.21
24/09/2008;14.40;63.95;65.35
23/09/2008;13.70;62.42;64.53
22/09/2008;13.91;64.60;66.00
19/09/2008;14.40;67.00;68.00
18/09/2008;11.40;55.86;57.87
17/09/2008;11.77;54.37;56.19
16/09/2008;12.08;55.97;58.09
15/09/2008;12.74;58.74;59.92
12/09/2008;14.03;65.01;64.54
11/09/2008;13.75;63.89;63.08
10/09/2008;14.05;65.68;63.67
09/09/2008;14.75;68.50;65.02
08/09/2008;14.69;66.81;64.45
05/09/2008;13.58;62.53;60.38
04/09/2008;14.05;64.10;61.85
03/09/2008;14.75;67.04;63.68
02/09/2008;14.86;67.85;64.50
01/09/2008;14.30;65.98;61.84
29/08/2008;14.52;66.10;61.48
28/08/2008;14.39;65.60;61.42
27/08/2008;13.21;63.01;58.42
26/08/2008;13.32;62.37;58.57
25/08/2008;13.30;62.67;58.42
22/08/2008;13.57;62.95;58.89
21/08/2008;12.99;60.73;56.81
20/08/2008;13.34;61.63;58.40
19/08/2008;13.39;61.71;58.09
18/08/2008;14.13;64.41;60.49
15/08/2008;14.22;65.07;61.19
14/08/2008;14.12;64.63;60.49
13/08/2008;13.99;63.97;59.80
12/08/2008;15.01;68.03;62.85
11/08/2008;15.14;69.93;65.25
08/08/2008;14.67;68.90;64.39
07/08/2008;14.86;69.19;64.67
06/08/2008;14.86;67.02;65.06
05/08/2008;14.73;65.10;61.88
04/08/2008;13.71;59.50;59.50
01/08/2008;13.55;60.04;61.53
31/07/2008;13.77;59.84;63.80
30/07/2008;13.82;59.01;63.70
29/07/2008;13.49;57.30;62.29
28/07/2008;13.80;59.31;63.41
25/07/2008;14.30;61.20;64.80
24/07/2008;14.62;62.04;64.76
23/07/2008;14.67;62.00;65.71
22/07/2008;13.66;57.69;63.04
21/07/2008;14.10;58.23;62.77
18/07/2008;14.02;56.75;62.50
17/07/2008;13.03;53.50;58.65
16/07/2008;12.05;51.00;54.99
15/07/2008;11.40;50.84;54.10
14/07/2008;11.86;51.48;55.87
11/07/2008;11.57;50.67;55.12
10/07/2008;12.82;54.51;57.36
09/07/2008;12.75;55.01;57.90
08/07/2008;12.11;52.65;56.33
07/07/2008;12.44;53.73;57.39
04/07/2008;12.89;54.81;57.04
03/07/2008;13.22;56.22;58.67
02/07/2008;12.47;53.60;56.15
01/07/2008;12.37;53.64;55.95
30/06/2008;12.98;55.29;57.54
27/06/2008;13.41;55.10;57.91
26/06/2008;13.26;55.29;59.00
25/06/2008;13.97;58.10;61.08
24/06/2008;13.02;55.60;59.88
23/06/2008;12.78;55.50;58.74
20/06/2008;13.38;56.45;59.31
19/06/2008;13.18;56.58;60.26
18/06/2008;13.31;58.13;61.74
17/06/2008;13.85;60.00;63.60
16/06/2008;13.71;58.14;61.90
13/06/2008;13.72;57.90;61.52
12/06/2008;14.17;58.30;61.28
11/06/2008;13.58;57.46;59.65
10/06/2008;13.81;59.39;60.80
06/06/2008;13.86;60.50;60.62
05/06/2008;15.34;62.72;63.10
04/06/2008;16.68;63.64;63.87
03/06/2008;16.87;64.73;64.36
02/06/2008;16.82;65.89;65.00
30/05/2008;17.01;66.80;66.34
29/05/2008;17.16;65.67;65.32
28/05/2008;17.84;66.50;65.55
27/05/2008;17.69;66.45;65.86
26/05/2008;18.57;66.70;66.60
23/05/2008;18.33;66.75;67.97
22/05/2008;18.77;67.77;68.82
21/05/2008;18.42;66.26;68.00
20/05/2008;18.84;68.09;68.70
19/05/2008;19.19;70.50;69.97
16/05/2008;19.13;71.85;70.01
15/05/2008;19.24;71.02;70.57
14/05/2008;19.50;71.32;70.78
13/05/2008;19.56;70.90;67.50
12/05/2008;20.73;71.50;67.31
09/05/2008;21.12;72.60;67.44
08/05/2008;21.51;74.11;68.89
07/05/2008;21.94;76.04;69.76
06/05/2008;21.96;76.40;70.19
05/05/2008;22.49;78.45;71.04
02/05/2008;22.63;78.20;71.32
30/04/2008;21.65;75.16;69.25
29/04/2008;21.49;75.45;69.46
28/04/2008;21.70;76.48;69.76
25/04/2008;21.33;75.56;69.18
24/04/2008;20.83;73.70;68.41
23/04/2008;20.63;73.20;67.71
22/04/2008;20.84;73.62;67.59
21/04/2008;21.06;73.85;68.75
18/04/2008;21.79;75.15;70.03
17/04/2008;20.69;70.99;67.64
16/04/2008;20.39;68.06;67.16
15/04/2008;19.84;65.95;65.75
14/04/2008;19.72;66.46;66.01
11/04/2008;19.99;67.30;66.58
10/04/2008;20.39;67.29;67.16
09/04/2008;20.60;67.84;68.10
08/04/2008;21.30;68.65;69.68
07/04/2008;21.48;69.00;70.21
04/04/2008;20.93;67.30;68.55
03/04/2008;20.84;67.64;68.56
02/04/2008;21.69;69.38;69.87
01/04/2008;21.21;67.90;67.75
31/03/2008;19.60;62.02;63.89
28/03/2008;19.45;64.12;64.49
27/03/2008;19.50;64.78;64.63
26/03/2008;19.57;63.59;63.60
25/03/2008;20.22;64.31;64.25
24/03/2008;19.29;61.33;61.51
21/03/2008;18.39;61.33;61.51
20/03/2008;18.45;61.33;61.51
19/03/2008;17.69;62.44;60.76
18/03/2008;17.77;67.19;58.06
17/03/2008;18.52;62.98;53.85
14/03/2008;17.74;68.75;56.50
13/03/2008;17.06;70.00;57.94
12/03/2008;17.57;71.11;59.54
11/03/2008;17.45;66.94;58.22
10/03/2008;18.20;64.08;56.06
07/03/2008;17.21;65.00;57.45
06/03/2008;17.81;66.32;57.90
05/03/2008;18.04;69.62;59.86
04/03/2008;18.39;67.42;58.41
03/03/2008;18.80;69.59;58.68
29/02/2008;18.92;71.10;59.57
28/02/2008;18.25;70.30;61.36
27/02/2008;17.41;69.00;63.92
26/02/2008;17.75;67.85;64.97
25/02/2008;17.57;64.85;64.24
22/02/2008;17.83;64.58;61.20
21/02/2008;17.88;65.08;61.69
20/02/2008;17.56;71.15;59.69
19/02/2008;18.55;75.70;59.99
18/02/2008;18.87;76.67;60.44
15/02/2008;18.66;76.22;59.11
14/02/2008;17.98;78.00;61.15
13/02/2008;18.20;79.39;61.19
12/02/2008;18.98;77.16;60.67
11/02/2008;19.37;74.59;58.48
08/02/2008;19.72;77.72;59.08
07/02/2008;20.69;80.51;60.30
06/02/2008;20.93;81.75;61.45
05/02/2008;20.49;79.20;61.44
04/02/2008;21.41;83.61;65.20
01/02/2008;20.90;87.80;65.28
31/01/2008;20.34;83.20;65.83
30/01/2008;20.26;81.80;66.83
29/01/2008;20.43;78.45;67.60
28/01/2008;18.92;71.05;65.68
25/01/2008;19.67;73.87;65.50
24/01/2008;18.45;75.81;67.92
23/01/2008;20.28;79.08;63.57
22/01/2008;21.40;82.50;66.65
21/01/2008;21.66;78.52;62.71
18/01/2008;21.80;85.34;69.39
17/01/2008;22.40;93.00;72.38
16/01/2008;22.46;94.93;73.17
15/01/2008;21.95;95.24;72.25
14/01/2008;22.09;98.10;73.72
11/01/2008;22.22;97.11;72.68
10/01/2008;22.11;95.25;70.99
09/01/2008;22.33;94.99;71.22
08/01/2008;22.77;95.24;71.82
07/01/2008;22.81;96.87;72.37
04/01/2008;23.07;96.70;72.40
03/01/2008;23.04;97.74;73.42
02/01/2008;23.14;97.76;73.49
01/01/2008;23.01;98.93;74.22
31/12/2007;23.07;98.93;74.22
28/12/2007;22.87;98.99;74.50
27/12/2007;23.02;98.88;74.59
26/12/2007;23.16;98.59;73.89
25/12/2007;23.14;98.59;73.89
24/12/2007;23.76;98.59;73.89
21/12/2007;23.74;98.44;74.04
20/12/2007;24.36;98.19;73.42
19/12/2007;24.18;98.06;73.07
18/12/2007;24.48;99.11;73.26
17/12/2007;24.10;98.46;73.36
14/12/2007;23.93;100.67;74.64
13/12/2007;23.57;101.90;74.73
12/12/2007;23.04;105.72;77.62
11/12/2007;23.69;106.89;77.40
10/12/2007;24.02;107.76;78.22
07/12/2007;23.30;106.54;77.87
06/12/2007;23.03;105.11;76.87
05/12/2007;22.15;102.45;75.74
04/12/2007;21.77;101.05;74.00
03/12/2007;22.05;104.53;75.32
30/11/2007;21.00;105.58;77.15
29/11/2007;21.25;102.69;75.64
28/11/2007;22.21;101.02;74.43
27/11/2007;22.22;97.87;71.79
26/11/2007;23.27;95.99;70.50
23/11/2007;23.79;97.75;71.93
22/11/2007;24.60;93.90;68.45
21/11/2007;24.43;94.63;68.66
20/11/2007;24.07;100.58;70.86
19/11/2007;23.42;99.33;69.75
16/11/2007;24.40;102.27;71.46
15/11/2007;25.03;105.00;72.70
14/11/2007;25.40;105.10;72.74
13/11/2007;25.66;103.13;72.35
12/11/2007;25.86;102.29;71.36
09/11/2007;26.55;100.00;68.59
08/11/2007;27.29;103.92;70.51
07/11/2007;27.04;105.14;70.70
06/11/2007;26.92;106.40;70.68
05/11/2007;26.75;106.34;70.35
02/11/2007;26.57;108.65;71.52
01/11/2007;26.43;112.71;73.00
31/10/2007;26.60;115.86;76.09
30/10/2007;26.43;113.22;74.62
29/10/2007;26.63;112.95;74.15
26/10/2007;26.90;111.60;73.94
25/10/2007;27.18;112.40;73.79
24/10/2007;27.20;111.82;73.45
23/10/2007;27.22;113.85;74.49
22/10/2007;27.66;113.85;74.49
19/10/2007;27.70;116.68;75.67
18/10/2007;27.93;117.85;76.63
17/10/2007;28.53;119.40;77.65
16/10/2007;28.42;119.13;77.27
15/10/2007;28.76;120.00;78.48
12/10/2007;28.45;122.79;79.90
11/10/2007;28.27;123.70;80.35
10/10/2007;27.94;124.89;80.48
09/10/2007;27.45;126.50;81.25
08/10/2007;27.05;127.40;81.80
05/10/2007;27.25;127.79;82.41
04/10/2007;27.05;126.86;81.15
03/10/2007;26.94;124.35;80.54
02/10/2007;27.37;124.08;79.92
01/10/2007;27.54;119.20;77.97
28/09/2007;27.57;117.68;76.74
27/09/2007;27.90;120.16;76.31
26/09/2007;27.31;117.99;74.26
25/09/2007;26.45;116.95;74.30
24/09/2007;26.83;118.96;75.32
21/09/2007;27.10;120.59;77.07
20/09/2007;26.93;120.82;77.14
19/09/2007;26.76;121.31;78.00
18/09/2007;26.13;113.50;74.19
17/09/2007;26.45;110.88;71.95
14/09/2007;27.26;113.50;73.72
13/09/2007;27.15;116.08;74.84
12/09/2007;27.45;115.31;74.18
11/09/2007;27.46;114.76;73.52
10/09/2007;27.70;112.88;72.36
07/09/2007;27.51;113.90;73.12
06/09/2007;26.89;118.53;75.70
05/09/2007;26.97;118.40;76.24
04/09/2007;27.75;121.97;78.30
03/09/2007;27.49;119.44;77.37
31/08/2007;27.52;118.37;77.42
30/08/2007;27.70;116.55;76.42
29/08/2007;27.28;116.42;76.04
28/08/2007;27.35;116.54;75.86
27/08/2007;27.28;119.99;78.50
24/08/2007;26.30;119.24;77.71
23/08/2007;26.84;119.63;78.40
22/08/2007;27.80;119.29;78.66
21/08/2007;26.97;117.90;78.32
20/08/2007;27.76;117.95;78.30
17/08/2007;28.95;118.16;78.20
16/08/2007;28.13;113.88;74.67
15/08/2007;27.08;116.27;77.05
14/08/2007;27.23;119.00;78.18
13/08/2007;27.67;124.73;81.00
10/08/2007;27.71;122.20;78.97
09/08/2007;28.35;128.63;82.57
08/08/2007;27.46;134.30;85.45
07/08/2007;27.60;132.32;82.97
06/08/2007;27.68;128.25;79.95
03/08/2007;28.41;127.93;80.46
02/08/2007;28.82;129.89;81.80
01/08/2007;29.45;124.53;80.65
31/07/2007;29.45;127.44;81.73
30/07/2007;29.77;123.52;79.27
27/07/2007;29.64;125.74;79.65
26/07/2007;30.11;126.80;79.12
25/07/2007;30.05;131.28;81.76
24/07/2007;29.72;132.91;83.29
23/07/2007;29.43;135.70;85.03
20/07/2007;29.11;135.54;84.24
19/07/2007;29.38;138.72;86.84
18/07/2007;29.75;137.80;86.11
17/07/2007;29.90;139.79;88.08
16/07/2007;29.78;138.75;88.67
13/07/2007;30.00;135.90;87.37
12/07/2007;29.96;135.28;86.75
11/07/2007;29.77;133.73;85.80
10/07/2007;30.19;135.01;86.59
09/07/2007;29.93;137.92;88.08
06/07/2007;29.78;138.79;88.32
05/07/2007;29.91;136.63;87.77
04/07/2007;30.30;137.61;88.21
03/07/2007;30.32;136.69;88.45
02/07/2007;30.34;136.50;87.35
29/06/2007;30.51;137.53;88.36
28/06/2007;30.45;136.75;87.00
27/06/2007;30.39;137.32;86.85
26/06/2007;30.45;138.63;87.66
25/06/2007;30.14;140.69;88.80
22/06/2007;29.70;141.65;88.55
21/06/2007;29.41;141.18;89.58
20/06/2007;29.75;143.30;91.10
19/06/2007;29.48;143.70;90.96
18/06/2007;29.59;144.29;91.32
15/06/2007;30.20;145.01;91.51
14/06/2007;30.45;144.04;90.52
13/06/2007;30.41;141.13;88.36
12/06/2007;30.68;139.57;88.06
11/06/2007;30.86;142.66;88.89
08/06/2007;30.76;140.25;87.16
07/06/2007;31.75;139.50;85.86
06/06/2007;31.80;139.61;86.97
05/06/2007;31.60;141.98;89.10
04/06/2007;31.67;144.19;90.42
01/06/2007;31.72;146.13;91.48
31/05/2007;31.41;144.79;90.18
30/05/2007;31.81;144.02;90.58
29/05/2007;31.78;145.20;90.95
28/05/2007;31.61;145.57;91.10
25/05/2007;32.95;145.18;90.87
24/05/2007;32.51;144.81;89.46
23/05/2007;32.98;147.69;94.25
22/05/2007;32.49;147.20;93.48
21/05/2007;32.74;147.69;93.55
18/05/2007;31.75;150.57;94.17
17/05/2007;31.43;150.15;92.59
16/05/2007;31.29;151.86;93.11
15/05/2007;30.99;154.57;93.97
14/05/2007;31.15;152.50;92.87
11/05/2007;31.08;155.70;93.75
10/05/2007;30.98;149.78;92.38
09/05/2007;31.18;152.93;91.15
08/05/2007;30.70;157.01;87.50
07/05/2007;31.01;157.62;87.41
04/05/2007;30.98;158.42;87.54
03/05/2007;30.27;156.00;86.50
02/05/2007;30.47;155.19;86.40
01/05/2007;30.71;156.50;85.65
30/04/2007;30.97;156.50;85.65
27/04/2007;30.44;155.40;85.39
26/04/2007;30.30;152.03;86.02
25/04/2007;30.24;151.58;85.70
24/04/2007;30.37;148.98;84.96
23/04/2007;29.88;151.35;85.50
20/04/2007;29.85;156.09;86.45
19/04/2007;29.63;144.87;83.23
18/04/2007;29.21;143.50;83.59
17/04/2007;29.19;139.27;83.29
16/04/2007;29.30;138.78;83.36
13/04/2007;28.92;134.94;81.04
12/04/2007;29.38;134.51;80.30
11/04/2007;29.35;133.71;80.13
10/04/2007;29.88;133.48;80.61
09/04/2007;29.99;131.46;80.09
06/04/2007;29.29;131.46;80.09
05/04/2007;29.42;131.46;80.09
04/04/2007;29.45;130.28;79.38
03/04/2007;28.82;129.98;78.85
02/04/2007;29.19;128.25;77.98
30/03/2007;28.44;129.37;78.19
29/03/2007;29.68;129.14;77.89
28/03/2007;30.23;127.11;77.24
27/03/2007;30.32;128.65;78.28
26/03/2007;30.24;128.47;78.00
23/03/2007;29.82;130.33;79.45
22/03/2007;30.17;129.47;80.00
21/03/2007;29.51;126.19;77.80
20/03/2007;29.74;126.20;78.43
19/03/2007;29.93;124.64;78.00
16/03/2007;30.16;121.14;76.20
15/03/2007;30.74;122.40;76.60
14/03/2007;31.76;120.02;75.43
13/03/2007;31.58;124.91;78.12
12/03/2007;31.63;127.00;79.50
09/03/2007;31.91;128.71;80.42
08/03/2007;32.10;128.30;80.24
07/03/2007;32.17;126.23;78.36
06/03/2007;32.25;126.07;78.17
05/03/2007;33.12;124.72;77.44
02/03/2007;33.12;124.21;77.27
01/03/2007;32.89;125.42;78.38
28/02/2007;33.36;127.34;78.94
27/02/2007;33.12;128.90;80.35
26/02/2007;33.58;131.85;82.30
23/02/2007;33.19;132.00;82.31
22/02/2007;33.47;133.27;81.71
21/02/2007;33.63;134.50;82.22
20/02/2007;33.02;133.50;82.79
19/02/2007;32.86;135.20;83.00
16/02/2007;33.07;135.00;83.15
15/02/2007;32.81;135.00;83.70
14/02/2007;32.86;137.30;87.00
13/02/2007;33.38;139.60;86.60
12/02/2007;33.63;139.00;86.00
09/02/2007;33.00;140.60;87.25
08/02/2007;32.81;138.60;86.95
07/02/2007;32.99;139.40;87.65
06/02/2007;32.15;139.10;86.90
05/02/2007;32.18;138.80;86.80
02/02/2007;32.56;138.30;86.90
01/02/2007;33.05;137.40;86.20
31/01/2007;32.93;135.50;85.55
30/01/2007;32.80;135.50;85.55
29/01/2007;31.86;134.50;84.15
26/01/2007;31.92;132.90;83.10
25/01/2007;31.59;134.40;84.55
24/01/2007;31.69;134.20;84.80
23/01/2007;32.03;132.10;83.50
22/01/2007;32.52;131.80;83.15
19/01/2007;32.66;132.50;84.50
18/01/2007;31.86;131.40;83.60
17/01/2007;31.97;131.00;83.90
16/01/2007;32.04;131.90;85.00
15/01/2007;31.42;132.80;85.45
12/01/2007;32.02;132.00;85.20
11/01/2007;32.12;131.50;85.00
10/01/2007;31.63;128.80;82.70
09/01/2007;32.03;129.70;83.90
08/01/2007;31.99;130.00;84.05
05/01/2007;31.71;130.60;84.10
04/01/2007;31.23;131.50;85.25
03/01/2007;31.24;131.50;85.45
02/01/2007;31.38;131.40;84.70
01/01/2007;31.33;128.60;82.65
29/12/2006;31.40;128.60;82.65
28/12/2006;31.50;129.30;82.60
27/12/2006;32.00;129.00;82.40
26/12/2006;31.78;128.00;80.50
25/12/2006;31.36;128.00;80.50
22/12/2006;31.97;128.00;80.50
21/12/2006;32.11;129.70;81.80
20/12/2006;31.42;129.00;82.30
19/12/2006;31.12;127.90;82.00
18/12/2006;31.80;128.60;83.15
15/12/2006;32.17;128.00;83.15
14/12/2006;32.90;127.50;83.05
13/12/2006;34.28;126.40;81.95
12/12/2006;34.18;125.40;81.10
11/12/2006;34.16;125.20;81.10
08/12/2006;34.34;124.00;80.70
07/12/2006;34.64;124.20;81.30
06/12/2006;34.36;125.60;81.10
05/12/2006;34.01;126.10;81.40
04/12/2006;33.41;125.90;80.50
01/12/2006;33.86;125.40;79.90
30/11/2006;34.08;126.50;81.35
29/11/2006;34.05;127.10;82.20
28/11/2006;33.66;126.00;81.15
27/11/2006;33.16;126.00;80.90
24/11/2006;33.10;128.40;83.00
23/11/2006;33.63;129.30;83.70
22/11/2006;33.31;130.00;84.20
21/11/2006;33.50;130.30;84.05
20/11/2006;33.61;129.60;84.05
17/11/2006;33.59;129.50;83.65
16/11/2006;33.53;130.30;84.45
15/11/2006;33.40;131.20;86.20
14/11/2006;33.75;131.20;86.50
13/11/2006;33.43;131.90;86.85
10/11/2006;33.44;131.30;86.10
09/11/2006;33.40;131.00;85.95
08/11/2006;32.85;131.90;86.50
07/11/2006;33.41;131.90;86.45
06/11/2006;34.00;129.80;85.30
03/11/2006;33.10;128.00;84.00
02/11/2006;33.70;128.30;83.85
01/11/2006;35.70;130.10;85.85
31/10/2006;35.63;130.20;86.15
30/10/2006;36.04;130.70;85.65
27/10/2006;35.17;131.40;86.55
26/10/2006;34.71;132.10;87.00
25/10/2006;34.77;130.50;86.45
24/10/2006;34.64;130.70;86.65
23/10/2006;34.63;131.50;87.20
20/10/2006;34.25;130.60;86.25
19/10/2006;34.40;130.90;86.50
18/10/2006;33.82;131.50;86.30
17/10/2006;34.00;129.70;84.65
16/10/2006;34.34;132.50;86.20
13/10/2006;34.23;132.70;87.10
12/10/2006;33.28;135.10;87.95
11/10/2006;33.35;129.60;86.45
10/10/2006;33.49;126.50;87.00
09/10/2006;32.63;125.70;86.75
06/10/2006;32.52;126.60;86.90
05/10/2006;32.33;126.80;86.65
04/10/2006;31.61;125.90;86.00
03/10/2006;31.65;123.00;84.10
02/10/2006;31.47;124.00;84.45
29/09/2006;32.05;125.50;84.85
28/09/2006;31.94;126.30;84.75
27/09/2006;31.68;128.00;85.20
26/09/2006;31.53;127.70;84.30
25/09/2006;31.71;127.10;83.00
22/09/2006;32.48;127.10;82.80
21/09/2006;32.44;129.00;84.35
20/09/2006;32.75;127.60;83.95
19/09/2006;32.44;124.60;82.10
18/09/2006;32.43;126.50;83.25
15/09/2006;32.06;126.90;83.10
14/09/2006;32.64;124.50;82.70
13/09/2006;32.85;124.00;82.70
12/09/2006;32.89;123.40;82.60
11/09/2006;32.98;121.60;82.00
08/09/2006;33.07;121.90;82.45
07/09/2006;32.97;122.50;81.95
06/09/2006;32.10;123.80;82.70
05/09/2006;31.53;126.50;83.75
04/09/2006;31.68;127.80;84.35
01/09/2006;32.01;125.70;83.25
31/08/2006;31.82;126.00;82.95
30/08/2006;31.35;126.80;83.65
29/08/2006;32.00;127.60;83.50
28/08/2006;31.31;126.80;82.80
25/08/2006;31.58;125.30;82.50
24/08/2006;30.95;124.90;82.15
23/08/2006;31.47;123.90;81.00
22/08/2006;31.81;125.50;82.40
21/08/2006;31.46;126.20;81.70
18/08/2006;30.86;127.00;83.20
17/08/2006;30.42;126.90;83.85
16/08/2006;30.47;127.30;83.70
15/08/2006;29.43;125.60;83.25
14/08/2006;29.70;124.10;81.80
11/08/2006;30.15;122.00;80.80
10/08/2006;28.56;122.20;80.00
09/08/2006;28.75;122.30;80.35
08/08/2006;28.68;119.70;79.30
07/08/2006;29.40;118.90;78.30
04/08/2006;30.03;121.10;80.00
03/08/2006;29.91;118.90;77.65
02/08/2006;30.58;119.30;78.20
01/08/2006;29.99;115.90;75.05
31/07/2006;30.23;116.80;76.20
28/07/2006;29.82;117.00;77.40
27/07/2006;30.29;115.30;76.50
26/07/2006;29.70;113.40;74.75
25/07/2006;29.75;112.70;74.70
24/07/2006;29.03;113.20;74.40
21/07/2006;27.99;111.20;72.60
20/07/2006;27.88;112.80;73.00
19/07/2006;28.30;112.50;72.75
18/07/2006;28.40;109.50;70.80
17/07/2006;28.45;109.90;71.35
14/07/2006;28.10;110.60;72.00
13/07/2006;28.33;113.00;73.85
12/07/2006;28.09;116.20;75.65
11/07/2006;27.55;116.20;75.50
10/07/2006;28.02;117.30;76.75
07/07/2006;27.33;115.90;76.30
06/07/2006;26.77;115.90;76.20
05/07/2006;27.64;115.10;75.15
04/07/2006;28.00;116.40;75.70
03/07/2006;27.50;116.00;75.10
30/06/2006;28.83;115.00;74.85
29/06/2006;28.47;112.70;73.55
28/06/2006;29.26;110.00;71.75
27/06/2006;29.60;110.60;71.60
26/06/2006;29.21;111.00;72.65
23/06/2006;29.09;110.50;72.60
22/06/2006;28.56;110.90;72.60
21/06/2006;29.18;110.00;71.90
20/06/2006;30.03;109.40;71.90
19/06/2006;29.56;108.40;71.20
16/06/2006;29.08;107.90;70.40
15/06/2006;29.73;108.70;69.90
14/06/2006;28.92;105.60;67.70
13/06/2006;30.04;104.70;67.30
12/06/2006;29.85;108.30;69.65
09/06/2006;30.97;110.30;70.65
08/06/2006;33.10;108.50;69.70
07/06/2006;32.72;114.10;72.00
06/06/2006;33.26;113.40;71.25
05/06/2006;33.85;120.00;72.80
02/06/2006;33.63;120.80;73.30
01/06/2006;33.65;120.20;72.95
31/05/2006;33.17;120.20;72.80
30/05/2006;32.84;118.40;74.25
29/05/2006;32.76;122.80;75.40
26/05/2006;32.48;124.10;75.90
25/05/2006;32.67;121.30;75.00
24/05/2006;31.94;119.10;73.50
23/05/2006;31.94;121.10;74.35
22/05/2006;32.18;118.30;73.00
19/05/2006;32.19;120.20;74.70
18/05/2006;32.34;116.00;71.85
17/05/2006;32.05;114.50;72.05
16/05/2006;32.28;119.00;75.30
15/05/2006;32.20;119.80;74.55
12/05/2006;31.87;122.50;76.25
11/05/2006;31.47;124.80;78.00
10/05/2006;31.42;123.50;77.45
09/05/2006;31.42;123.10;77.70
08/05/2006;31.42;123.50;77.20
05/05/2006;31.73;123.30;76.95
04/05/2006;31.92;121.00;75.50
03/05/2006;32.16;121.00;74.75
02/05/2006;32.14;122.50;75.40
01/05/2006;32.65;121.10;74.90
28/04/2006;32.67;121.10;74.90
27/04/2006;32.14;122.10;75.75
26/04/2006;32.25;122.80;75.00
25/04/2006;32.11;121.20;74.25
24/04/2006;32.59;121.60;74.25
21/04/2006;32.04;124.10;75.35
20/04/2006;31.69;123.40;74.90
19/04/2006;32.16;121.10;74.05
18/04/2006;32.55;119.10;72.90
17/04/2006;32.09;119.40;73.50
14/04/2006;32.07;119.40;73.50
13/04/2006;32.19;119.40;73.50
12/04/2006;32.34;118.70;73.45
11/04/2006;32.33;118.40;73.65
10/04/2006;32.12;120.20;75.50
07/04/2006;31.75;120.20;75.40
06/04/2006;31.44;122.70;77.35
05/04/2006;31.70;122.70;77.30
04/04/2006;31.54;122.60;76.35
03/04/2006;31.22;124.00;77.30
31/03/2006;31.09;124.10;76.65
30/03/2006;30.70;124.40;75.95
29/03/2006;31.14;123.50;74.55
28/03/2006;30.60;123.30;74.20
27/03/2006;31.02;123.90;74.80
24/03/2006;31.46;125.50;75.55
23/03/2006;30.66;125.30;76.05
22/03/2006;30.68;124.40;76.35
21/03/2006;30.23;124.80;76.95
20/03/2006;30.00;124.40;75.75
17/03/2006;30.17;125.00;75.25
16/03/2006;29.85;125.40;75.20
15/03/2006;29.79;125.00;75.70
14/03/2006;29.90;122.30;75.10
13/03/2006;29.85;122.40;75.20
10/03/2006;29.50;120.00;73.75
09/03/2006;29.88;114.50;72.80
08/03/2006;29.50;113.10;73.15
07/03/2006;29.14;115.50;73.35
06/03/2006;29.51;116.90;74.35
03/03/2006;29.11;117.00;76.75
02/03/2006;29.24;118.00;77.40
01/03/2006;29.05;119.90;78.60
28/02/2006;29.10;118.90;77.65
27/02/2006;29.31;121.30;79.00
24/02/2006;29.54;120.60;79.20
23/02/2006;29.05;120.50;78.25
22/02/2006;28.99;119.90;78.35
21/02/2006;28.94;118.80;77.20
20/02/2006;28.37;118.20;76.00
17/02/2006;27.66;118.60;75.80
16/02/2006;26.98;118.00;74.95
15/02/2006;27.31;113.50;74.20
14/02/2006;27.49;114.90;76.10
13/02/2006;27.25;113.50;75.85
10/02/2006;27.24;111.10;74.10
09/02/2006;27.69;112.20;74.60
08/02/2006;28.21;110.00;72.00
07/02/2006;28.30;110.30;73.25
06/02/2006;28.31;109.70;71.65
03/02/2006;28.00;109.20;73.15
02/02/2006;27.81;109.40;73.95
01/02/2006;27.86;110.90;75.30
31/01/2006;27.72;108.70;73.40
30/01/2006;27.80;108.00;72.35
27/01/2006;27.37;109.10;72.90
26/01/2006;27.01;107.90;71.65
25/01/2006;26.87;103.80;70.00
24/01/2006;26.61;101.50;69.10
23/01/2006;27.24;102.30;68.70
20/01/2006;27.16;103.30;69.10
19/01/2006;27.14;104.60;70.10
18/01/2006;27.05;103.70;69.70
17/01/2006;27.05;105.20;71.15
16/01/2006;27.34;106.60;71.50
13/01/2006;27.11;107.10;71.85
12/01/2006;26.82;108.20;73.05
11/01/2006;26.66;107.90;71.90
10/01/2006;26.65;106.00;70.95
09/01/2006;26.30;106.50;71.10
06/01/2006;26.42;106.90;70.55
05/01/2006;26.80;105.90;70.40
04/01/2006;26.89;106.00;70.60
03/01/2006;26.90;103.80;68.95
02/01/2006;26.76;103.50;68.60
30/12/2005;26.93;103.90;68.35
29/12/2005;27.02;104.90;69.15
28/12/2005;25.81;105.00;68.70
27/12/2005;25.88;105.70;68.80
26/12/2005;25.94;105.90;68.75
23/12/2005;25.69;105.90;68.75
22/12/2005;25.63;105.40;68.35
21/12/2005;25.66;105.20;68.25
20/12/2005;25.67;103.80;67.00
19/12/2005;25.70;104.10;67.35
16/12/2005;25.86;104.50;67.45
15/12/2005;25.75;103.40;67.65
14/12/2005;25.84;103.40;67.55
13/12/2005;25.35;103.50;67.60
12/12/2005;25.17;103.20;67.40
09/12/2005;25.72;102.10;67.05
08/12/2005;25.86;102.50;67.65
07/12/2005;26.08;102.90;68.05
06/12/2005;26.30;103.20;68.20
05/12/2005;25.75;102.10;67.35
02/12/2005;25.36;102.80;68.10
01/12/2005;25.43;102.80;68.40
30/11/2005;25.15;101.10;67.20
29/11/2005;25.00;102.00;68.20
28/11/2005;25.10;101.80;67.70
25/11/2005;24.61;101.90;68.00
24/11/2005;24.46;102.20;67.55
23/11/2005;24.45;101.80;68.50
22/11/2005;23.73;100.70;67.40
21/11/2005;23.62;100.80;68.00
18/11/2005;23.92;100.20;67.35
17/11/2005;23.68;99.35;66.60
16/11/2005;24.06;100.00;66.85
15/11/2005;23.55;99.75;67.35
14/11/2005;23.66;100.20;67.80
11/11/2005;23.66;100.00;68.00
10/11/2005;24.04;98.80;66.60
09/11/2005;24.51;97.30;65.20
08/11/2005;24.63;97.40;65.30
07/11/2005;24.21;97.65;65.40
04/11/2005;24.40;97.70;65.20
03/11/2005;24.52;98.00;65.40
02/11/2005;24.13;96.20;63.65
01/11/2005;24.13;96.00;63.45
31/10/2005;24.30;95.25;63.25
28/10/2005;24.57;92.50;61.90
27/10/2005;24.93;92.70;61.90
26/10/2005;24.57;93.40;62.35
25/10/2005;24.40;92.00;62.10
24/10/2005;24.34;92.50;62.40
21/10/2005;24.45;91.15;62.20
20/10/2005;23.65;92.20;62.50
19/10/2005;23.98;91.05;61.75
18/10/2005;23.37;93.65;63.40
17/10/2005;23.00;94.60;63.90
14/10/2005;23.20;94.50;64.10
13/10/2005;23.60;93.30;62.80
12/10/2005;23.20;94.45;63.35
11/10/2005;23.39;95.15;63.65
10/10/2005;23.36;94.85;63.25
07/10/2005;23.23;94.55;63.10
06/10/2005;23.17;94.25;63.15
05/10/2005;23.25;95.75;64.00
04/10/2005;23.48;96.70;64.65
03/10/2005;23.62;96.00;64.30
30/09/2005;23.74;94.95;63.25
29/09/2005;22.39;94.05;62.60
28/09/2005;21.96;94.80;62.60
27/09/2005;21.62;93.20;61.10
26/09/2005;21.85;93.65;61.45
23/09/2005;21.60;90.70;59.90
22/09/2005;21.41;90.00;59.40
21/09/2005;21.70;90.45;59.50
20/09/2005;21.45;91.90;60.50
19/09/2005;21.79;90.90;59.90
16/09/2005;22.04;91.15;60.30
15/09/2005;22.06;90.50;59.85
14/09/2005;22.31;91.00;60.15
13/09/2005;22.43;90.50;60.20
12/09/2005;22.23;91.30;61.05
09/09/2005;22.44;91.15;61.35
08/09/2005;22.67;91.10;60.85
07/09/2005;22.61;90.70;60.65
06/09/2005;22.43;90.75;60.25
05/09/2005;22.65;88.80;59.15
02/09/2005;22.70;87.55;58.70
01/09/2005;22.62;87.25;58.80
31/08/2005;22.52;87.55;58.95
30/08/2005;22.73;86.50;58.05
29/08/2005;23.01;86.40;58.25
26/08/2005;22.95;85.10;58.25
25/08/2005;22.66;86.10;58.60
24/08/2005;22.40;87.50;59.85
23/08/2005;22.61;87.85;59.95
22/08/2005;22.68;89.00;60.50
19/08/2005;22.51;88.90;60.45
18/08/2005;22.36;87.80;59.75
17/08/2005;22.55;88.45;59.95
16/08/2005;22.65;88.90;60.00
15/08/2005;22.89;88.90;60.80
12/08/2005;22.69;89.00;60.60
11/08/2005;22.01;90.10;61.10
10/08/2005;21.74;90.35;61.05
09/08/2005;21.67;89.50;60.30
08/08/2005;21.63;88.50;59.90
05/08/2005;21.43;88.20;60.30
04/08/2005;21.02;89.00;60.00
03/08/2005;21.04;91.20;60.00
02/08/2005;20.66;92.00;60.40
01/08/2005;20.52;91.05;59.40
29/07/2005;20.78;90.25;59.65
28/07/2005;20.87;90.75;60.50
27/07/2005;20.90;90.40;60.35
26/07/2005;21.03;90.35;60.50
25/07/2005;20.96;90.30;60.20
22/07/2005;20.90;90.35;60.70
21/07/2005;20.84;91.25;61.10
20/07/2005;20.75;89.15;60.15
19/07/2005;21.06;89.15;60.35
18/07/2005;21.16;87.40;59.80
15/07/2005;21.29;87.35;59.70
14/07/2005;21.17;87.20;59.35
13/07/2005;21.21;86.50;58.40
12/07/2005;21.62;85.85;57.80
11/07/2005;21.24;85.90;57.85
08/07/2005;20.91;84.35;57.05
07/07/2005;20.86;83.10;56.10
06/07/2005;20.85;84.40;56.95
05/07/2005;21.22;84.80;56.80
04/07/2005;21.14;84.60;56.85
01/07/2005;21.32;85.00;57.10
30/06/2005;21.62;84.15;56.70
29/06/2005;21.46;83.85;56.50
28/06/2005;21.69;83.05;56.00
27/06/2005;21.69;82.05;55.60
24/06/2005;21.27;83.45;56.45
23/06/2005;21.07;84.50;56.95
22/06/2005;21.10;84.30;56.75
21/06/2005;20.90;83.85;56.50
20/06/2005;21.23;83.25;56.05
17/06/2005;21.14;84.40;56.85
16/06/2005;21.53;83.65;56.60
15/06/2005;21.64;83.40;56.40
14/06/2005;21.70;83.00;55.70
13/06/2005;21.89;83.10;56.25
10/06/2005;21.57;82.75;56.45
09/06/2005;21.16;82.25;55.75
08/06/2005;21.38;82.15;55.65
07/06/2005;21.40;82.80;55.85
06/06/2005;21.25;81.00;55.35
03/06/2005;20.60;81.60;56.30
02/06/2005;20.81;81.60;56.30
01/06/2005;20.87;81.25;55.75
31/05/2005;20.91;79.85;54.65
30/05/2005;21.05;80.40;54.55
27/05/2005;20.86;83.40;56.90
26/05/2005;20.65;83.05;55.85
25/05/2005;20.30;81.30;55.35
24/05/2005;20.01;80.90;55.50
23/05/2005;20.05;80.80;55.15
20/05/2005;20.23;79.40;54.80
19/05/2005;20.59;79.55;55.10
18/05/2005;20.63;78.85;55.50
17/05/2005;20.80;77.60;53.90
16/05/2005;20.44;77.65;53.85
13/05/2005;20.24;78.10;53.85
12/05/2005;20.44;77.90;53.95
11/05/2005;20.51;76.55;52.00
10/05/2005;21.02;78.05;52.20
09/05/2005;21.36;79.10;52.75
06/05/2005;21.10;79.40;53.10
05/05/2005;21.12;79.40;52.95
04/05/2005;21.20;78.85;52.40
03/05/2005;21.29;78.55;52.15
02/05/2005;21.30;78.15;51.65
29/04/2005;20.86;76.90;50.90
28/04/2005;20.78;77.30;51.45
27/04/2005;20.83;77.20;51.90
26/04/2005;20.97;78.40;52.75
25/04/2005;20.97;78.50;52.65
22/04/2005;21.09;78.60;52.70
21/04/2005;21.54;77.60;51.80
20/04/2005;21.57;78.10;52.20
19/04/2005;21.57;78.90;52.85
18/04/2005;21.57;78.25;52.45
15/04/2005;21.45;79.65;53.80
14/04/2005;21.51;81.40;55.00
13/04/2005;21.45;81.95;55.30
12/04/2005;21.66;81.20;54.95
11/04/2005;21.56;81.30;55.35
08/04/2005;21.48;80.65;55.10
07/04/2005;21.77;80.60;55.00
06/04/2005;21.76;80.20;54.80
05/04/2005;21.90;79.80;54.85
04/04/2005;21.85;79.35;54.25
01/04/2005;22.03;79.95;54.80
31/03/2005;23.01;80.15;54.65
30/03/2005;22.94;80.00;55.00
29/03/2005;23.04;80.25;55.40
28/03/2005;22.66;80.30;55.55
25/03/2005;22.70;80.30;55.55
24/03/2005;22.60;80.30;55.55
23/03/2005;22.41;79.70;54.45
22/03/2005;22.50;79.55;54.95
21/03/2005;22.24;79.55;54.85
18/03/2005;22.35;79.95;55.10
17/03/2005;22.63;79.65;54.75
16/03/2005;22.70;79.20;54.45
15/03/2005;22.93;80.70;55.70
14/03/2005;22.50;80.00;55.40
11/03/2005;22.59;80.00;55.30
10/03/2005;22.79;79.15;55.10
09/03/2005;23.14;78.75;55.25
08/03/2005;23.29;79.45;55.70
07/03/2005;23.10;79.70;55.40
04/03/2005;23.05;79.55;55.45
03/03/2005;23.21;79.20;55.15
02/03/2005;23.48;79.50;55.25
01/03/2005;23.15;80.20;55.05
28/02/2005;22.92;79.80;54.80
25/02/2005;22.95;79.90;55.05
24/02/2005;22.99;78.95;54.60
23/02/2005;22.85;79.20;54.55
22/02/2005;22.58;79.70;54.80
21/02/2005;22.79;79.50;54.55
18/02/2005;22.72;80.65;55.40
17/02/2005;22.57;80.15;55.35
16/02/2005;22.48;80.50;55.70
15/02/2005;22.65;81.20;56.30
14/02/2005;22.70;80.70;56.10
11/02/2005;23.04;81.60;56.05
10/02/2005;22.99;79.70;55.00
09/02/2005;23.07;76.90;54.70
08/02/2005;22.96;77.35;54.65
07/02/2005;22.76;77.55;54.90
04/02/2005;22.36;77.30;54.80
03/02/2005;22.39;76.50;55.25
02/02/2005;22.73;77.40;55.95
01/02/2005;22.80;76.65;55.65
31/01/2005;22.60;76.40;55.35
28/01/2005;22.43;75.55;54.50
27/01/2005;22.30;76.50;55.10
26/01/2005;22.35;76.25;55.00
