Date;Open;High;Low;Close;Volume;Adj Close
2011-03-07;361.40;361.67;351.31;355.36;19482900;355.36
2011-03-04;360.07;360.29;357.75;360.00;16168600;360.00
2011-03-03;357.19;359.79;355.92;359.56;17858700;359.56
2011-03-02;349.96;354.35;348.40;352.12;21497400;352.12
2011-03-01;355.47;355.72;347.68;349.31;16261500;349.31
2011-02-28;351.24;355.05;351.12;353.21;14369300;353.21
2011-02-25;345.26;348.43;344.80;348.16;13544800;348.16
2011-02-24;344.02;345.15;338.37;342.88;17833300;342.88
2011-02-23;338.77;344.64;338.61;342.62;23973800;342.62
2011-02-22;342.15;345.40;337.72;338.61;31113900;338.61
2011-02-18;358.71;359.50;349.52;350.56;29077700;350.56
2011-02-17;357.25;360.27;356.52;358.30;18918900;358.30
2011-02-16;360.80;364.90;360.50;363.13;17044800;363.13
2011-02-15;359.19;359.97;357.55;359.90;10126300;359.90
2011-02-14;356.79;359.48;356.71;359.18;11073100;359.18
2011-02-11;354.75;357.80;353.54;356.85;13114400;356.85
2011-02-10;357.39;360.00;348.00;354.54;33126100;354.54
2011-02-09;355.19;359.00;354.87;358.16;17222400;358.16
2011-02-08;353.68;355.52;352.15;355.20;13579500;355.20
2011-02-07;347.89;353.25;347.64;351.88;17299100;351.88
2011-02-04;343.64;346.70;343.51;346.50;11479800;346.50
2011-02-03;343.80;344.24;338.55;343.44;14043100;343.44
2011-02-02;344.45;345.25;343.55;344.32;9238300;344.32
2011-02-01;341.30;345.65;340.98;345.03;15221100;345.03
2011-01-31;335.80;340.04;334.30;339.32;13461000;339.32
2011-01-28;344.17;344.40;333.53;336.10;21116400;336.10
2011-01-27;343.78;344.69;342.83;343.21;10169300;343.21
2011-01-26;342.96;345.60;341.50;343.85;18084500;343.85
2011-01-25;336.33;341.44;334.57;341.40;19436600;341.40
2011-01-24;326.87;337.45;326.72;337.45;20500100;337.45
2011-01-21;333.77;334.88;326.63;326.72;26915000;326.72
2011-01-20;336.43;338.30;330.12;332.68;27290500;332.68
2011-01-19;348.35;348.60;336.88;338.84;40494700;338.84
2011-01-18;329.52;344.76;326.00;340.65;66831600;340.65
2011-01-14;345.89;348.48;344.44;348.48;10998600;348.48
2011-01-13;345.16;346.64;343.85;345.68;10599300;345.68
2011-01-12;343.25;344.43;342.00;344.42;10790700;344.42
2011-01-11;344.88;344.96;339.47;341.64;15814500;341.64
2011-01-10;338.83;343.23;337.17;342.45;16000400;342.45
2011-01-07;333.99;336.35;331.90;336.12;11096800;336.12
2011-01-06;334.72;335.25;332.90;333.73;10709500;333.73
2011-01-05;329.55;334.34;329.50;334.00;9058700;334.00
2011-01-04;332.44;332.50;328.15;331.29;11038600;331.29
2011-01-03;325.64;330.26;324.84;329.57;15883600;329.57
2010-12-31;322.95;323.48;321.31;322.56;6911000;322.56
2010-12-30;325.48;325.51;323.05;323.66;5624800;323.66
2010-12-29;326.22;326.45;325.10;325.29;5826400;325.29
2010-12-28;325.91;326.66;325.06;325.47;6271500;325.47
2010-12-27;322.85;325.44;321.52;324.68;8906600;324.68
2010-12-23;325.00;325.15;323.17;323.60;7969900;323.60
2010-12-22;324.36;325.72;323.55;325.16;9497200;325.16
2010-12-21;323.00;324.39;322.05;324.20;9138700;324.20
2010-12-20;321.60;323.25;318.23;322.21;13731200;322.21
2010-12-17;321.63;321.79;320.23;320.61;13818900;320.61
2010-12-16;321.09;322.61;320.10;321.25;11483500;321.25
2010-12-15;320.00;323.00;319.19;320.36;14836000;320.36
2010-12-14;321.73;322.54;319.00;320.29;12536000;320.29
2010-12-13;324.37;325.06;321.00;321.67;15674000;321.67
2010-12-10;319.65;321.05;318.60;320.56;9375400;320.56
2010-12-09;322.13;322.50;319.02;319.76;10490500;319.76
2010-12-08;319.63;321.02;317.11;321.01;11454600;321.01
2010-12-07;323.80;323.99;318.12;318.21;13939900;318.21
2010-12-06;318.64;322.33;318.42;320.15;15939700;320.15
2010-12-03;317.01;318.65;316.34;317.44;12217600;317.44
2010-12-02;317.53;319.00;314.89;318.15;16529900;318.15
2010-12-01;315.27;317.75;315.00;316.40;16407600;316.40
2010-11-30;313.54;314.36;310.87;311.15;17885800;311.15
2010-11-29;315.50;317.48;311.38;316.87;15898100;316.87
2010-11-26;313.74;317.70;312.94;315.00;8485200;315.00
2010-11-24;312.00;315.40;311.75;314.80;14775900;314.80
2010-11-23;310.45;311.75;306.56;308.73;18504600;308.73
2010-11-22;306.68;313.36;305.87;313.36;13989400;313.36
2010-11-19;307.97;308.40;305.24;306.73;13731700;306.73
2010-11-18;305.20;309.67;304.69;308.43;17610400;308.43
2010-11-17;301.20;303.99;297.76;300.50;17102900;300.50
2010-11-16;305.72;307.60;299.32;301.59;23487500;301.59
2010-11-15;308.46;310.54;306.27;307.04;14382300;307.04
2010-11-12;316.00;316.50;303.63;308.03;28397900;308.03
2010-11-11;315.00;318.40;314.25;316.65;12903000;316.65
2010-11-10;316.64;318.77;313.55;318.03;13722400;318.03
2010-11-09;321.05;321.30;314.50;316.08;13698000;316.08
2010-11-08;317.20;319.77;316.76;318.62;10062800;318.62
2010-11-05;317.99;319.57;316.75;317.13;12901900;317.13
2010-11-04;315.45;320.18;315.03;318.27;22946000;318.27
2010-11-03;311.37;312.88;308.53;312.80;18155300;312.80
2010-11-02;307.00;310.19;307.00;309.36;15497500;309.36
2010-11-01;302.22;305.60;302.20;304.18;15138900;304.18
2010-10-29;304.23;305.88;300.87;300.98;15238300;300.98
2010-10-28;307.95;308.00;300.90;305.24;19680400;305.24
2010-10-27;307.65;309.90;305.60;307.83;14250100;307.83
2010-10-26;306.87;309.74;305.65;308.05;14033200;308.05
2010-10-25;309.09;311.60;308.44;308.84;14016500;308.84
2010-10-22;309.07;310.04;306.30;307.47;13313500;307.47
2010-10-21;312.36;314.74;306.80;309.52;19695000;309.52
2010-10-20;309.00;314.25;306.87;310.53;25772300;310.53
2010-10-19;303.40;313.77;300.02;309.49;44028000;309.49
2010-10-18;318.47;319.00;314.29;318.00;39036100;318.00
2010-10-15;307.44;315.00;304.91;314.74;32935500;314.74
2010-10-14;301.69;302.47;300.40;302.31;15546300;302.31
2010-10-13;300.20;301.96;299.80;300.14;22503300;300.14
2010-10-12;295.41;299.50;292.49;298.54;19948000;298.54
2010-10-11;294.74;297.24;294.60;295.36;15276900;295.36
2010-10-08;291.71;294.50;290.00;294.07;23514400;294.07
2010-10-07;290.34;290.48;286.91;289.22;14585700;289.22
2010-10-06;289.59;291.99;285.26;289.19;23959600;289.19
2010-10-05;282.00;289.45;281.82;288.94;17927400;288.94
2010-10-04;281.60;282.90;277.77;278.64;15546500;278.64
2010-10-01;286.15;286.58;281.35;282.52;16005100;282.52
2010-09-30;289.00;290.00;281.25;283.75;24049700;283.75
2010-09-29;287.23;289.81;286.00;287.37;16773000;287.37
2010-09-28;291.77;291.77;275.00;286.86;36965800;286.86
2010-09-27;293.98;294.73;291.01;291.16;17244100;291.16
2010-09-24;292.10;293.53;290.55;292.32;23196000;292.32
2010-09-23;286.33;292.76;286.00;288.92;28075600;288.92
2010-09-22;282.71;287.98;282.41;287.75;20903200;287.75
2010-09-21;283.86;287.35;282.79;283.77;23859800;283.77
2010-09-20;276.08;283.78;275.85;283.23;23524200;283.23
2010-09-17;277.69;277.96;273.68;275.37;22659900;275.37
2010-09-16;270.24;276.67;269.50;276.57;23289400;276.57
2010-09-15;268.17;270.38;267.84;270.22;15334600;270.22
2010-09-14;266.21;269.17;265.52;268.06;14576800;268.06
2010-09-13;265.82;268.28;265.76;267.04;13885000;267.04
2010-09-10;263.19;264.50;261.40;263.41;13840800;263.41
2010-09-09;265.04;266.52;262.92;263.07;15663400;263.07
2010-09-08;259.78;264.39;259.10;262.92;18805400;262.92
2010-09-07;256.64;259.53;256.25;257.81;12234200;257.81
2010-09-03;255.09;258.78;254.50;258.77;18599600;258.77
2010-09-02;251.26;252.17;248.57;252.17;14836700;252.17
2010-09-01;247.47;251.46;246.28;250.33;24894200;250.33
2010-08-31;241.85;244.56;240.35;243.10;15028100;243.10
2010-08-30;240.76;245.75;240.68;242.50;13688900;242.50
2010-08-27;241.75;242.61;235.56;241.62;19585400;241.62
2010-08-26;245.45;245.75;240.28;240.28;16660900;240.28
2010-08-25;238.04;243.99;237.20;242.89;21316700;242.89
2010-08-24;242.67;243.00;238.65;239.93;21520200;239.93
2010-08-23;251.79;252.00;245.25;245.80;14787200;245.80
2010-08-20;249.39;253.92;249.00;249.64;13722500;249.64
2010-08-19;252.84;253.48;248.68;249.88;15239500;249.88
2010-08-18;252.36;254.67;251.58;253.07;12132000;253.07
2010-08-17;250.08;254.63;249.20;251.97;15094300;251.97
2010-08-16;247.58;250.01;246.62;247.64;11372500;247.64
2010-08-13;251.65;251.88;249.09;249.10;12673900;249.10
2010-08-12;246.69;253.10;246.12;251.79;19104300;251.79
2010-08-11;255.40;255.69;249.81;250.19;22144800;250.19
2010-08-10;259.85;260.45;257.55;259.41;16140000;259.41
2010-08-09;261.48;262.15;259.57;261.75;10826000;261.75
2010-08-06;259.78;261.49;257.63;260.09;15889200;260.09
2010-08-05;261.73;263.18;260.55;261.70;10324900;261.70
2010-08-04;262.84;264.28;260.31;262.98;15013400;262.98
2010-08-03;261.01;263.26;259.42;261.93;14916200;261.93
2010-08-02;260.44;262.59;259.62;261.85;15287700;261.85
2010-07-30;255.89;259.70;254.90;257.25;16007500;257.25
2010-07-29;260.71;262.65;256.10;258.11;22993100;258.11
2010-07-28;263.67;265.99;260.25;260.96;18570900;260.96
2010-07-27;260.87;264.80;260.30;264.08;20884700;264.08
2010-07-26;260.00;260.10;257.71;259.28;15019700;259.28
2010-07-23;257.09;260.38;256.28;259.94;19049600;259.94
2010-07-22;257.68;260.00;255.31;259.02;23047100;259.02
2010-07-21;265.09;265.15;254.00;254.24;42345400;254.24
2010-07-20;242.90;252.90;240.01;251.89;38391100;251.89
2010-07-19;249.88;249.88;239.60;245.58;36588500;245.58
2010-07-16;253.18;254.97;248.41;249.90;37137800;249.90
2010-07-15;248.23;256.97;247.30;251.45;29459500;251.45
2010-07-14;249.38;255.80;249.00;252.73;29001700;252.73
2010-07-13;256.32;256.40;246.43;251.80;42533000;251.80
2010-07-12;258.53;261.85;254.86;257.29;20102800;257.29
2010-07-09;256.89;259.90;255.16;259.62;15475800;259.62
2010-07-08;262.48;262.90;254.89;258.09;26362300;258.09
2010-07-07;250.49;258.77;249.75;258.67;23377000;258.67
2010-07-06;251.00;252.80;246.16;248.63;21972700;248.63
2010-07-02;250.49;250.93;243.20;246.94;24780100;246.94
2010-07-01;254.30;254.80;243.22;248.48;36532000;248.48
2010-06-30;256.71;257.97;250.01;251.53;26409000;251.53
2010-06-29;264.12;264.39;254.30;256.17;40476600;256.17
2010-06-28;266.93;269.75;264.52;268.30;20891000;268.30
2010-06-25;270.06;270.27;265.81;266.70;19640800;266.70
2010-06-24;271.00;273.20;268.10;269.00;25509900;269.00
2010-06-23;274.58;274.66;267.90;270.97;27444900;270.97
2010-06-22;272.16;275.97;271.50;273.85;25616500;273.85
2010-06-21;277.69;279.01;268.73;270.17;27731800;270.17
2010-06-18;272.25;275.00;271.42;274.07;28022200;274.07
2010-06-17;270.60;272.90;269.50;271.87;31173400;271.87
2010-06-16;261.10;267.75;260.63;267.25;27988500;267.25
2010-06-15;255.64;259.85;255.50;259.69;20895500;259.69
2010-06-14;255.96;259.15;254.01;254.28;21534300;254.28
2010-06-11;248.23;253.86;247.37;253.51;19491400;253.51
2010-06-10;244.84;250.98;242.20;250.51;27727000;250.51
2010-06-09;251.47;251.90;242.49;243.20;30522500;243.20
2010-06-08;253.24;253.80;245.65;249.33;35741800;249.33
2010-06-07;258.29;259.15;250.55;250.94;31676500;250.94
2010-06-04;258.21;261.90;254.63;255.96;27082300;255.96
2010-06-03;265.18;265.55;260.41;263.12;23218100;263.12
2010-06-02;264.54;264.80;260.33;263.95;24591000;263.95
2010-06-01;259.69;265.94;258.96;260.83;31302600;260.83
2010-05-28;259.39;259.40;253.35;256.88;29129100;256.88
2010-05-27;250.60;253.89;249.11;253.35;23795800;253.35
2010-05-26;250.08;252.13;243.75;244.11;30380500;244.11
2010-05-25;239.35;246.76;237.16;245.22;37428800;245.22
2010-05-24;247.28;250.90;246.26;246.76;26937100;246.76
2010-05-21;232.82;244.50;231.35;242.32;43710400;242.32
2010-05-20;241.88;243.85;236.21;237.76;45818400;237.76
2010-05-19;249.50;252.92;244.85;248.34;36633100;248.34
2010-05-18;256.98;258.55;250.26;252.36;27952800;252.36
2010-05-17;254.70;256.18;247.71;254.22;27244100;254.22
2010-05-14;255.16;256.48;249.50;253.82;27120100;253.82
2010-05-13;263.22;265.00;256.40;258.36;21418300;258.36
2010-05-12;259.24;263.13;258.70;262.09;23370700;262.09
2010-05-11;251.84;259.89;250.50;256.52;30318100;256.52
2010-05-10;250.25;254.65;248.53;253.99;35153800;253.99
2010-05-07;243.71;246.57;225.21;235.86;59857800;235.86
2010-05-06;253.83;258.25;199.25;246.25;45923600;246.25
2010-05-05;253.03;258.14;248.73;255.99;31539400;255.99
2010-05-04;262.89;263.29;256.75;258.68;25850700;258.68
2010-05-03;263.84;267.88;262.88;266.35;16226500;266.35
2010-04-30;269.31;270.57;261.00;261.09;19373700;261.09
2010-04-29;263.02;270.00;262.01;268.64;19958600;268.64
2010-04-28;263.25;264.00;256.41;261.60;27085800;261.60
2010-04-27;267.27;267.84;260.52;262.04;25333700;262.04
2010-04-26;271.88;272.46;268.19;269.50;17109600;269.50
2010-04-23;267.99;272.18;267.00;270.83;28462700;270.83
2010-04-22;258.24;266.75;256.20;266.47;28336600;266.47
2010-04-21;258.80;260.25;255.73;259.22;35085400;259.22
2010-04-20;248.54;249.25;242.96;244.59;26368800;244.59
2010-04-19;247.03;247.89;241.77;247.07;20247300;247.07
2010-04-16;248.57;251.14;244.55;247.40;26805200;247.40
2010-04-15;245.78;249.03;245.51;248.92;13456600;248.92
2010-04-14;245.28;245.81;244.07;245.69;14431300;245.69
2010-04-13;241.86;242.80;241.11;242.43;10936100;242.43
2010-04-12;242.20;243.07;241.81;242.29;11893800;242.29
2010-04-09;241.43;241.89;240.46;241.79;11935100;241.79
2010-04-08;240.44;241.54;238.04;239.95;20463900;239.95
2010-04-07;239.55;241.92;238.66;240.60;22446500;240.60
2010-04-06;238.20;240.24;237.00;239.54;15964900;239.54
2010-04-05;234.98;238.51;234.77;238.49;24446700;238.49
2010-04-01;237.41;238.73;232.75;235.97;21540900;235.97
2010-03-31;235.49;236.61;234.46;235.00;15380700;235.00
2010-03-30;236.60;237.48;234.25;235.85;18832500;235.85
2010-03-29;233.00;233.87;231.62;232.39;19312300;232.39
2010-03-26;228.95;231.95;228.55;230.90;22888400;230.90
2010-03-25;230.92;230.97;226.25;226.65;19367300;226.65
2010-03-24;227.64;230.20;227.51;229.37;21349300;229.37
2010-03-23;225.64;228.78;224.10;228.36;21515400;228.36
2010-03-22;220.47;226.00;220.15;224.75;16300700;224.75
2010-03-19;224.79;225.24;221.23;222.25;19980200;222.25
2010-03-18;224.10;225.00;222.61;224.65;12218200;224.65
2010-03-17;224.90;226.45;223.27;224.12;16105600;224.12
2010-03-16;224.18;224.98;222.51;224.45;15961000;224.45
2010-03-15;225.38;225.50;220.25;223.84;17625100;223.84
2010-03-12;227.37;227.73;225.75;226.60;14868700;226.60
2010-03-11;223.91;225.50;223.32;225.50;14489300;225.50
2010-03-10;223.83;225.48;223.20;224.84;21293500;224.84
2010-03-09;218.31;225.00;217.89;223.02;32866400;223.02
2010-03-08;220.01;220.09;218.25;219.08;15353200;219.08
2010-03-05;214.94;219.70;214.63;218.95;32129300;218.95
2010-03-04;209.28;210.92;208.63;210.71;13072900;210.71
2010-03-03;208.94;209.87;207.94;209.33;13287600;209.33
2010-03-02;209.93;210.83;207.74;208.85;20233800;208.85
2010-03-01;205.75;209.50;205.45;208.99;19646200;208.99
2010-02-26;202.38;205.17;202.00;204.62;18123600;204.62
2010-02-25;197.38;202.86;196.89;202.00;23754500;202.00
2010-02-24;198.23;201.44;197.84;200.66;16448800;200.66
2010-02-23;200.00;201.33;195.71;197.06;20539100;197.06
2010-02-22;202.34;202.50;199.19;200.42;13948700;200.42
2010-02-19;201.86;203.20;201.11;201.67;14838200;201.67
2010-02-18;201.63;203.89;200.92;202.93;15100900;202.93
2010-02-17;204.19;204.31;200.86;202.55;15585600;202.55
2010-02-16;201.94;203.69;201.52;203.40;19419200;203.40
2010-02-12;198.11;201.64;195.50;200.38;23409600;200.38
2010-02-11;194.88;199.75;194.06;198.67;19655200;198.67
2010-02-10;195.89;196.60;194.26;195.12;13227200;195.12
2010-02-09;196.42;197.50;194.75;196.19;22603100;196.19
2010-02-08;195.69;197.88;194.00;194.12;17081100;194.12
2010-02-05;192.63;196.00;190.85;195.46;30368100;195.46
2010-02-04;196.73;198.37;191.57;192.05;27059000;192.05
2010-02-03;195.17;200.20;194.42;199.23;21976000;199.23
2010-02-02;195.91;196.32;193.38;195.86;24940800;195.86
2010-02-01;192.37;196.00;191.30;194.73;26781300;194.73
2010-01-29;201.08;202.20;190.25;192.06;44498300;192.06
2010-01-28;204.93;205.50;198.70;199.29;41910800;199.29
2010-01-27;206.85;210.58;199.53;207.88;61520300;207.88
2010-01-26;205.95;213.71;202.58;205.94;66682500;205.94
2010-01-25;202.51;204.70;200.19;203.07;38060700;203.07
2010-01-22;206.78;207.50;197.16;197.75;31491700;197.75
2010-01-21;212.08;213.31;207.21;208.07;21719800;208.07
2010-01-20;214.91;215.55;209.50;211.73;21862600;211.73
2010-01-19;208.33;215.19;207.24;215.04;26071700;215.04
2010-01-15;210.93;211.60;205.87;205.93;21216700;205.93
2010-01-14;210.11;210.46;209.02;209.43;15460500;209.43
2010-01-13;207.87;210.93;204.10;210.65;21639000;210.65
2010-01-12;209.19;209.77;206.42;207.72;21230700;207.72
2010-01-11;212.80;213.00;208.45;210.11;16508200;210.11
2010-01-08;210.30;212.00;209.06;211.98;15986100;211.98
2010-01-07;211.75;212.00;209.05;210.58;17040400;210.58
2010-01-06;214.38;215.23;210.75;210.97;19720000;210.97
2010-01-05;214.60;215.59;213.25;214.38;21496600;214.38
2010-01-04;213.43;214.50;212.38;214.01;17633200;214.01
2009-12-31;213.13;213.35;210.56;210.73;12586100;210.73
2009-12-30;208.83;212.00;208.31;211.64;14717300;211.64
2009-12-29;212.63;212.72;208.73;209.10;15900200;209.10
2009-12-28;211.72;213.95;209.61;211.61;23020200;211.61
2009-12-24;203.55;209.35;203.35;209.04;17888900;209.04
2009-12-23;201.20;202.38;200.81;202.10;12340200;202.10
2009-12-22;199.44;200.85;198.66;200.36;12482700;200.36
2009-12-21;196.05;199.75;195.67;198.23;21853800;198.23
2009-12-18;193.17;195.50;192.60;195.43;21741800;195.43
2009-12-17;194.26;195.00;191.00;191.86;13887100;191.86
2009-12-16;195.10;196.50;194.55;195.03;12606600;195.03
2009-12-15;195.83;197.51;193.27;194.17;14980700;194.17
2009-12-14;195.37;197.43;192.56;196.98;17706800;196.98
2009-12-11;197.78;198.00;193.43;194.67;15349100;194.67
2009-12-10;199.50;199.70;196.12;196.43;17488200;196.43
2009-12-09;191.28;198.16;190.31;197.80;24456500;197.80
2009-12-08;189.36;192.35;188.70;189.87;24657100;189.87
2009-12-07;193.32;193.77;188.68;188.95;25527100;188.95
2009-12-04;199.70;199.88;190.28;193.32;29531600;193.32
2009-12-03;197.42;198.98;196.27;196.48;16025700;196.48
2009-12-02;198.96;201.42;195.75;196.23;25545000;196.23
2009-12-01;202.24;202.77;196.83;196.97;16634400;196.97
2009-11-30;201.11;201.68;198.77;199.91;15173500;199.91
2009-11-27;199.22;202.96;198.37;200.59;10544900;200.59
2009-11-25;205.40;205.65;203.76;204.19;10230500;204.19
2009-11-24;205.33;205.88;202.90;204.44;11372800;204.44
2009-11-23;203.00;206.00;202.95;205.88;16960600;205.88
2009-11-20;199.15;200.39;197.76;199.92;14523800;199.92
2009-11-19;204.61;204.61;199.80;200.51;19368800;200.51
2009-11-18;206.54;207.00;204.00;205.96;13368600;205.96
2009-11-17;206.08;207.44;205.00;207.00;14161200;207.00
2009-11-16;205.48;208.00;205.01;206.63;17328800;206.63
2009-11-13;202.87;204.83;202.07;204.45;12258600;204.45
2009-11-12;203.14;204.87;201.43;201.99;12990400;201.99
2009-11-11;204.56;205.00;201.83;203.25;15852500;203.25
2009-11-10;201.02;204.98;201.01;202.98;14328400;202.98
2009-11-09;196.94;201.90;196.26;201.46;18887700;201.46
2009-11-06;192.51;195.19;192.40;194.34;10539200;194.34
2009-11-05;192.40;195.00;191.82;194.03;13742900;194.03
2009-11-04;190.73;193.85;190.23;190.81;17411800;190.81
2009-11-03;187.85;189.52;185.92;188.75;18662200;188.75
2009-11-02;189.80;192.88;185.57;189.31;24249400;189.31
2009-10-30;196.06;196.80;188.17;188.50;25625900;188.50
2009-10-29;195.00;196.81;192.14;196.35;20366800;196.35
2009-10-28;197.71;198.02;191.10;192.40;29228100;192.40
2009-10-27;201.66;202.81;196.45;197.37;27019700;197.37
2009-10-26;203.67;206.75;200.10;202.48;17297800;202.48
2009-10-23;205.70;205.80;203.23;203.94;15028100;203.94
2009-10-22;204.70;207.85;202.51;205.20;28264000;205.20
2009-10-21;199.52;208.71;199.23;204.92;42633100;204.92
2009-10-20;200.60;201.75;197.85;198.76;40751400;198.76
2009-10-19;187.85;190.00;185.55;189.86;33651100;189.86
2009-10-16;189.35;190.36;187.84;188.05;15408100;188.05
2009-10-15;189.63;190.92;189.53;190.56;13341300;190.56
2009-10-14;192.25;192.32;190.23;191.29;13411100;191.29
2009-10-13;190.63;191.17;189.70;190.02;12429300;190.02
2009-10-12;191.02;191.51;189.64;190.81;10286600;190.81
2009-10-09;188.97;190.70;188.62;190.47;10474000;190.47
2009-10-08;190.66;191.45;188.89;189.27;15650400;189.27
2009-10-07;189.76;190.55;189.03;190.25;16631000;190.25
2009-10-06;187.74;190.01;187.30;190.01;21610200;190.01
2009-10-05;186.20;186.86;184.27;186.02;15111900;186.02
2009-10-02;181.41;185.94;181.35;184.90;19761000;184.90
2009-10-01;185.35;186.22;180.70;180.86;18739700;180.86
2009-09-30;186.13;186.45;182.61;185.35;19270900;185.35
2009-09-29;186.73;187.40;184.31;185.38;12335200;185.38
2009-09-28;183.87;186.68;183.33;186.15;12051600;186.15
2009-09-25;182.01;185.50;181.44;182.37;15901400;182.37
2009-09-24;187.20;187.70;182.77;183.82;19674300;183.82
2009-09-23;185.40;188.90;185.03;185.50;21198700;185.50
2009-09-22;185.19;185.38;182.85;184.48;12741200;184.48
2009-09-21;184.29;185.16;181.62;184.02;15632700;184.02
2009-09-18;185.83;186.55;184.76;185.02;21485100;185.02
2009-09-17;181.98;186.79;181.97;184.55;28949000;184.55
2009-09-16;177.99;182.75;177.88;181.87;26929400;181.87
2009-09-15;174.04;175.65;173.59;175.16;15231100;175.16
2009-09-14;170.83;173.90;170.25;173.72;11500400;173.72
2009-09-11;172.91;173.18;170.87;172.16;12462900;172.16
2009-09-10;172.06;173.25;170.81;172.56;17540500;172.56
2009-09-09;172.78;174.47;169.70;171.14;28967400;171.14
2009-09-08;172.98;173.14;172.00;172.93;11251700;172.93
2009-09-04;167.28;170.70;167.09;170.31;13379600;170.31
2009-09-03;166.44;167.10;165.00;166.55;10498400;166.55
2009-09-02;164.62;167.61;164.11;165.18;13008900;165.18
2009-09-01;167.99;170.00;164.94;165.30;16751000;165.30
2009-08-31;168.16;168.85;166.50;168.21;11119200;168.21
2009-08-28;172.27;172.49;168.53;170.05;16203600;170.05
2009-08-27;168.75;169.57;164.83;169.45;16042200;169.45
2009-08-26;168.92;169.55;166.76;167.41;10857100;167.41
2009-08-25;169.46;170.94;169.13;169.40;11584100;169.40
2009-08-24;170.12;170.71;168.27;169.06;14533200;169.06
2009-08-21;167.65;169.37;166.80;169.22;14859800;169.22
2009-08-20;164.98;166.72;164.61;166.33;12215400;166.33
2009-08-19;162.75;165.30;162.45;164.60;14759700;164.60
2009-08-18;161.63;164.24;161.41;164.00;15398300;164.00
2009-08-17;163.55;163.59;159.42;159.59;18727900;159.59
2009-08-14;167.94;168.23;165.53;166.78;10922000;166.78
2009-08-13;166.65;168.67;166.50;168.42;15713600;168.42
2009-08-12;162.55;166.71;162.46;165.31;15895400;165.31
2009-08-11;163.69;164.38;161.88;162.83;12690800;162.83
2009-08-10;165.66;166.60;163.66;164.72;10724800;164.72
2009-08-07;165.49;166.60;164.80;165.51;13834100;165.51
2009-08-06;165.58;166.51;163.09;163.91;12200600;163.91
2009-08-05;165.75;167.39;164.21;165.11;15113700;165.11
2009-08-04;164.93;165.57;164.21;165.55;14136100;165.55
2009-08-03;165.21;166.64;164.87;166.43;14080000;166.43
2009-07-31;162.99;165.00;162.91;163.39;15090600;163.39
2009-07-30;161.70;164.72;161.50;162.79;16771600;162.79
2009-07-29;158.90;160.45;158.25;160.03;13648500;160.03
2009-07-28;158.88;160.10;157.60;160.00;12984100;160.00
2009-07-27;160.17;160.88;157.26;160.10;15475400;160.10
2009-07-24;156.95;160.00;156.50;159.99;15655800;159.99
2009-07-23;156.63;158.44;155.56;157.82;18820100;157.82
2009-07-22;157.79;158.73;156.11;156.74;31218000;156.74
2009-07-21;153.29;153.43;149.75;151.51;31242200;151.51
2009-07-20;153.27;155.04;150.89;152.91;26268800;152.91
2009-07-17;149.08;152.02;148.63;151.75;21505500;151.75
2009-07-16;145.76;148.02;145.57;147.52;14056100;147.52
2009-07-15;145.04;147.00;144.32;146.88;17342400;146.88
2009-07-14;142.03;143.18;141.16;142.27;12401700;142.27
2009-07-13;139.54;142.34;137.53;142.34;17267900;142.34
2009-07-10;136.34;138.97;136.32;138.52;15902700;138.52
2009-07-09;137.76;137.99;135.93;136.36;12250900;136.36
2009-07-08;135.92;138.04;134.42;137.22;20568900;137.22
2009-07-07;138.48;139.68;135.18;135.40;16485600;135.40
2009-07-06;138.70;138.99;136.25;138.61;17810300;138.61
2009-07-02;141.25;142.83;139.79;140.02;13231400;140.02
2009-07-01;143.50;144.66;142.52;142.83;14792100;142.83
2009-06-30;142.58;143.80;141.80;142.43;15508000;142.43
2009-06-29;143.46;143.95;141.54;141.97;20272000;141.97
2009-06-26;139.79;143.56;139.74;142.44;15692300;142.44
2009-06-25;135.75;140.20;135.21;139.86;21051700;139.86
2009-06-24;135.42;137.50;134.86;136.22;17340200;136.22
2009-06-23;136.40;136.95;132.88;134.01;25233300;134.01
2009-06-22;140.67;141.56;136.33;137.37;22675500;137.37
2009-06-19;138.07;139.50;136.90;139.48;25780600;139.48
2009-06-18;136.11;138.00;135.59;135.88;15274300;135.88
2009-06-17;136.67;137.45;134.53;135.58;20407600;135.58
2009-06-16;136.66;138.47;136.10;136.35;18385900;136.35
2009-06-15;136.01;136.93;134.89;136.09;19276800;136.09
2009-06-12;138.81;139.10;136.04;136.97;20110200;136.97
2009-06-11;139.55;141.56;138.55;139.95;18743700;139.95
2009-06-10;142.28;142.35;138.30;140.25;24593700;140.25
2009-06-09;143.81;144.56;140.55;142.72;24177300;142.72
2009-06-08;143.82;144.23;139.43;143.85;33273300;143.85
2009-06-05;145.31;146.40;143.21;144.67;22597000;144.67
2009-06-04;140.13;144.18;140.04;143.74;19665500;143.74
2009-06-03;140.00;141.11;139.07;140.95;20185700;140.95
2009-06-02;138.99;141.34;138.35;139.49;16293700;139.49
2009-06-01;136.47;139.99;136.00;139.35;16160700;139.35
2009-05-29;135.39;135.90;133.85;135.81;16304800;135.81
2009-05-28;133.45;135.39;132.03;135.07;17412600;135.07
2009-05-27;131.78;134.98;130.91;133.05;23086500;133.05
2009-05-26;124.76;130.83;124.55;130.78;22747400;130.78
2009-05-22;124.05;124.18;121.75;122.50;10642800;122.50
2009-05-21;125.15;126.78;122.89;124.18;14569500;124.18
2009-05-20;127.63;129.21;125.30;125.87;13878000;125.87
2009-05-19;126.82;129.31;125.74;127.45;13300800;127.45
2009-05-18;123.73;126.70;121.57;126.65;16387200;126.65
2009-05-15;122.32;124.62;121.61;122.42;13127400;122.42
2009-05-14;119.78;123.53;119.70;122.95;15993800;122.95
2009-05-13;123.21;124.02;119.38;119.49;21284700;119.49
2009-05-12;129.56;129.71;123.25;124.42;21767200;124.42
2009-05-11;127.37;130.96;127.12;129.57;14452100;129.57
2009-05-08;129.04;131.23;126.26;129.19;16713000;129.19
2009-05-07;132.33;132.39;127.90;129.06;18992000;129.06
2009-05-06;133.33;133.50;130.22;132.50;16912100;132.50
2009-05-05;131.75;132.86;131.12;132.71;14223400;132.71
2009-05-04;128.24;132.25;127.68;132.07;21762800;132.07
2009-05-01;125.80;127.95;125.80;127.24;14197000;127.24
2009-04-30;126.22;127.00;124.92;125.83;17803200;125.83
2009-04-29;124.85;126.85;123.83;125.14;16361100;125.14
2009-04-28;123.35;126.21;123.26;123.90;16280600;123.90
2009-04-27;122.90;125.00;122.66;124.73;17167500;124.73
2009-04-24;124.64;125.14;122.97;123.90;19313000;123.90
2009-04-23;126.62;127.20;123.51;125.40;33755600;125.40
2009-04-22;122.63;125.35;121.20;121.51;33527400;121.51
2009-04-21;118.89;122.14;118.60;121.76;16810200;121.76
2009-04-20;121.73;122.99;119.16;120.50;16659500;120.50
2009-04-17;121.18;124.25;120.25;123.42;17767700;123.42
2009-04-16;119.19;123.15;118.79;121.45;21194500;121.45
2009-04-15;117.20;118.25;115.76;117.64;14745800;117.64
2009-04-14;119.57;120.17;117.25;118.31;16236500;118.31
2009-04-13;120.01;120.98;119.00;120.22;13901300;120.22
2009-04-09;118.42;120.00;117.96;119.57;18955600;119.57
2009-04-08;115.43;116.79;114.58;116.32;16272500;116.32
2009-04-07;116.53;116.67;114.19;115.00;19163600;115.00
2009-04-06;114.94;118.75;113.28;118.45;23502300;118.45
2009-04-03;114.19;116.13;113.52;115.99;22722900;115.99
2009-04-02;110.14;114.75;109.78;112.71;29013100;112.71
2009-04-01;104.09;109.00;103.89;108.69;21049000;108.69
2009-03-31;105.45;107.45;105.00;105.12;20338500;105.12
2009-03-30;104.51;105.01;102.61;104.49;17957000;104.49
2009-03-27;108.23;108.53;106.40;106.85;17602600;106.85
2009-03-26;107.83;109.98;107.58;109.87;22009000;109.87
2009-03-25;107.58;108.36;103.86;106.49;23093500;106.49
2009-03-24;106.36;109.44;105.39;106.50;22879000;106.50
2009-03-23;102.71;108.16;101.75;107.66;23799900;107.66
2009-03-20;102.09;103.11;100.57;101.59;24842400;101.59
2009-03-19;101.85;103.20;100.25;101.62;17863600;101.62
2009-03-18;99.91;103.48;99.72;101.52;28429900;101.52
2009-03-17;95.24;99.69;95.07;99.66;28094500;99.66
2009-03-16;96.53;97.39;94.18;95.42;28473000;95.42
2009-03-13;96.30;97.20;95.01;95.93;21470300;95.93
2009-03-12;92.90;96.58;92.00;96.35;27444900;96.35
2009-03-11;89.81;94.07;89.58;92.68;30227600;92.68
2009-03-10;84.87;89.17;84.36;88.63;30152100;88.63
2009-03-09;84.18;87.60;82.57;83.11;24939200;83.11
